-- Clear script output screen.  
clear screen;

-----------------DROP section
drop table Enrollment;
drop table Section;
drop table Room;
drop table Teacher;
drop table Major_Student_Linking;
drop table Course;
drop table major;
drop table student;
drop table address;
drop table student_address_linking;

DROP sequence address_id_seq;
DROP sequence COURSE_id_seq;
DROP sequence ROOM_id_seq;
DROP sequence SECTION_id_seq ;

--Turn off substitution variable capture
Set Define off;

--create sequences
create sequence address_id_seq start with 223;
CREATE sequence COURSE_id_seq  start with 61;
CREATE sequence ROOM_id_seq start with 38;
CREATE sequence SECTION_id_seq;


-----------------CREATE section
CREATE TABLE Address (
  Address_ID        NUMBER  	    default address_id_seq.nextval      PRIMARY KEY,
  Address_Line_1    VARCHAR(50)	    NOT NULL,
  Address_Line_2    VARCHAR(50)	    NULL,
  City              VARCHAR(50)     NOT NULL,
  State_Region      VARCHAR(50)     NOT NULL,
  Zip_Postal_Code   VARCHAR(10)     NOT NULL,
  Country           VARCHAR(50)     NOT NULL
);

CREATE TABLE Student (
  UTEID                 VARCHAR(10)     PRIMARY KEY,
  First_Name            VARCHAR(50)	    NOT NULL,
  Middle_Name           VARCHAR(20) 	NULL,
  Last_Name             VARCHAR(50)	    NOT NULL,
  Date_of_birth         DATE		    NOT NULL,
  Classification        CHAR(1)		    NOT NULL,
  Email                 VARCHAR(50)	    NOT NULL    UNIQUE,
  Phone                 CHAR(12)	    NOT NULL,
  Primary_College_Code  CHAR(1)		    NOT NULL,
  International_Flag    CHAR(1)		    NOT NULL,
  cGPA                  NUMBER(3,2)	    NULL,
  CONSTRAINT Int_Flag_CHECK CHECK (International_Flag IN ('Y', 'N')),
  CONSTRAINT CLASS_CHECK    CHECK (Classification IN ('1','2','3','4','G','P','C')),
  CONSTRAINT Student_Email_Length_Check CHECK (LENGTH(Email) >= 7)
);

CREATE TABLE student_address_linking (
    UTEID               VARCHAR(10),
    Address_ID          NUMBER,
    Address_Type_Code   CHAR(1), 
    constraint address_type_check CHECK (Address_Type_Code in ('H','L','O')),
    PRIMARY KEY (UTEID, Address_ID, Address_Type_Code)
);

 
CREATE TABLE Major (
  Major_ID              NUMBER      PRIMARY KEY,
  Major_Code            CHAR(3)     NOT NULL    UNIQUE,
  Major_Description     VARCHAR(50) NOT NULL
);

CREATE TABLE Course (
  Course_ID             NUMBER         default COURSE_id_seq.nextval      PRIMARY KEY,
  course_code           VARCHAR(10)     NOT NULL,
  Course_Name           VARCHAR(50)     NOT NULL,
  Course_Description    VARCHAR(999)    NOT NULL
);

CREATE TABLE Major_Student_Linking (
  UTEID          	VARCHAR(10) REFERENCES Student(UTEID),
  Major_ID       	NUMBER      REFERENCES Major(Major_ID),
  DATE_DECLARED  	DATE        default sysdate,
  PRIMARY KEY (UTEID, Major_ID)  
);

CREATE TABLE Teacher (
  UTEID         	VARCHAR(10)     PRIMARY KEY,
  First_Name     	VARCHAR(50)     NOT NULL,
  Last_Name     	VARCHAR(50)     NOT NULL,
  Email         	VARCHAR(50)     NOT NULL    UNIQUE,
  Primary_Dept  	VARCHAR(4)      NOT NULL,
  Primary_Title 	VARCHAR(50)     NOT NULL,
  Office_Phone  	CHAR(12)        NOT NULL,
  Office_Location   	VARCHAR(12)     NOT NULL,
  Office_Address_1  	VARCHAR(50)     NOT NULL,
  Office_Address_2  	VARCHAR(50)     NULL,
  Office_City       	VARCHAR(50)     NOT NULL,
  Office_State      	CHAR(2)         NOT NULL,
  Office_Zip        	CHAR(5)         NOT NULL,
  Campus_Mail_Code  	CHAR(5)         NOT NULL
);



CREATE TABLE Room (
  Room_ID           NUMBER  	default ROOM_id_seq.nextval      PRIMARY KEY,
  Building_Code     CHAR(3)     NOT NULL,
  Floor             NUMBER      NOT NULL,
  Room_Number       VARCHAR(8)  NOT NULL,
  Max_Seats         NUMBER(4)   NOT NULL 
);


CREATE TABLE Section (
  Section_ID        NUMBER       default SECTION_id_seq.nextval      PRIMARY KEY,
  Course_ID         NUMBER       NOT NULL   REFERENCES Course(Course_ID),
  Instructor_UTEID  VARCHAR(10)  NULL       REFERENCES Teacher(UTEID),
  Room_ID           NUMBER       NULL       REFERENCES Room(Room_ID),
  Unique_Number     NUMBER       NOT NULL,
  Semester_Code     CHAR(4)      NOT NULL,
  Section_Day       VARCHAR(3)   NULL,
  Section_Hour      NUMBER(4)    NULL,
  Length_Minutes    NUMBER       NULL,
  Section_Mode      CHAR(1)      NOT NULL,
  Seat_Limit        NUMBER       NOT NULL,
  Status            CHAR(1)      default 'O'   NOT NULL,
  CONSTRAINT check_status CHECK (status in ('O','W','C','X')),
  CONSTRAINT UniqueNbr_semester_unique_constraint UNIQUE (UNIQUE_NUMBER, SEMESTER_CODE)
);


CREATE TABLE Enrollment (
  UTEID         VARCHAR(10)  NOT NULL   REFERENCES Student(UTEID),
  Section_ID    NUMBER       NOT NULL   REFERENCES Section(Section_ID) ,
  Grade_Code    VARCHAR(2)   NULL,
  PRIMARY KEY (UTEID, Section_ID),
  CONSTRAINT grade_code_check CHECK (Grade_Code in ('A','A-','B+','B','B-','C+','C','C-','D+','D','D-','F','P','W','Q','X'))
);



-----------------INSERT section

--ADDRESS
Insert into ADDRESS (ADDRESS_ID,ADDRESS_LINE_1,ADDRESS_LINE_2,CITY,STATE_REGION,ZIP_POSTAL_CODE,COUNTRY) values (1,'2 American Court',null,'Houston','TX','77240','USA');
Insert into ADDRESS (ADDRESS_ID,ADDRESS_LINE_1,ADDRESS_LINE_2,CITY,STATE_REGION,ZIP_POSTAL_CODE,COUNTRY) values (2,'76380 Myrtle Circle',null,'San Antonio','TX','78210','USA');
Insert into ADDRESS (ADDRESS_ID,ADDRESS_LINE_1,ADDRESS_LINE_2,CITY,STATE_REGION,ZIP_POSTAL_CODE,COUNTRY) values (3,'5 Colorado Parkway',null,'Houston','TX','77234','USA');
Insert into ADDRESS (ADDRESS_ID,ADDRESS_LINE_1,ADDRESS_LINE_2,CITY,STATE_REGION,ZIP_POSTAL_CODE,COUNTRY) values (4,'5571 Longview Plaza',null,'Arlington','TX','76011','USA');
Insert into ADDRESS (ADDRESS_ID,ADDRESS_LINE_1,ADDRESS_LINE_2,CITY,STATE_REGION,ZIP_POSTAL_CODE,COUNTRY) values (5,'3 Chinook Point',null,'El Paso','TX','88558','USA');
Insert into ADDRESS (ADDRESS_ID,ADDRESS_LINE_1,ADDRESS_LINE_2,CITY,STATE_REGION,ZIP_POSTAL_CODE,COUNTRY) values (6,'77 Linden Drive',null,'College Station','TX','77844','USA');
Insert into ADDRESS (ADDRESS_ID,ADDRESS_LINE_1,ADDRESS_LINE_2,CITY,STATE_REGION,ZIP_POSTAL_CODE,COUNTRY) values (7,'6959 Montana Place',null,'Katy','TX','77493','USA');
Insert into ADDRESS (ADDRESS_ID,ADDRESS_LINE_1,ADDRESS_LINE_2,CITY,STATE_REGION,ZIP_POSTAL_CODE,COUNTRY) values (8,'2833 Manley Crossing',null,'Dallas','TX','75251','USA');
Insert into ADDRESS (ADDRESS_ID,ADDRESS_LINE_1,ADDRESS_LINE_2,CITY,STATE_REGION,ZIP_POSTAL_CODE,COUNTRY) values (9,'761 Prairieview Way',null,'Arlington','TX','76004','USA');
Insert into ADDRESS (ADDRESS_ID,ADDRESS_LINE_1,ADDRESS_LINE_2,CITY,STATE_REGION,ZIP_POSTAL_CODE,COUNTRY) values (10,'1 Jianguomenwai Avenue',null,'Beijing','Beijing Municipality','100004','CHN');
Insert into ADDRESS (ADDRESS_ID,ADDRESS_LINE_1,ADDRESS_LINE_2,CITY,STATE_REGION,ZIP_POSTAL_CODE,COUNTRY) values (11,'29 Hooker Plaza',null,'Amarillo','TX','79176','USA');
Insert into ADDRESS (ADDRESS_ID,ADDRESS_LINE_1,ADDRESS_LINE_2,CITY,STATE_REGION,ZIP_POSTAL_CODE,COUNTRY) values (12,'06254 Nevada Circle',null,'Dallas','TX','75287','USA');
Insert into ADDRESS (ADDRESS_ID,ADDRESS_LINE_1,ADDRESS_LINE_2,CITY,STATE_REGION,ZIP_POSTAL_CODE,COUNTRY) values (13,'83706 Judy Junction',null,'Dallas','TX','75397','USA');
Insert into ADDRESS (ADDRESS_ID,ADDRESS_LINE_1,ADDRESS_LINE_2,CITY,STATE_REGION,ZIP_POSTAL_CODE,COUNTRY) values (14,'4 Charing Cross Drive',null,'Houston','TX','77206','USA');
Insert into ADDRESS (ADDRESS_ID,ADDRESS_LINE_1,ADDRESS_LINE_2,CITY,STATE_REGION,ZIP_POSTAL_CODE,COUNTRY) values (15,'650 Lillian Junction',null,'San Antonio','TX','78260','USA');
Insert into ADDRESS (ADDRESS_ID,ADDRESS_LINE_1,ADDRESS_LINE_2,CITY,STATE_REGION,ZIP_POSTAL_CODE,COUNTRY) values (16,'28 Homewood Trail',null,'Amarillo','TX','79165','USA');
Insert into ADDRESS (ADDRESS_ID,ADDRESS_LINE_1,ADDRESS_LINE_2,CITY,STATE_REGION,ZIP_POSTAL_CODE,COUNTRY) values (17,'78749 Buhler Street',null,'Dallas','TX','75353','USA');
Insert into ADDRESS (ADDRESS_ID,ADDRESS_LINE_1,ADDRESS_LINE_2,CITY,STATE_REGION,ZIP_POSTAL_CODE,COUNTRY) values (18,'76 Surrey Plaza',null,'El Paso','TX','79905','USA');
Insert into ADDRESS (ADDRESS_ID,ADDRESS_LINE_1,ADDRESS_LINE_2,CITY,STATE_REGION,ZIP_POSTAL_CODE,COUNTRY) values (19,'48 Dunning Place',null,'Fort Worth','TX','76192','USA');
Insert into ADDRESS (ADDRESS_ID,ADDRESS_LINE_1,ADDRESS_LINE_2,CITY,STATE_REGION,ZIP_POSTAL_CODE,COUNTRY) values (20,'2 Waubesa Junction',null,'San Antonio','TX','78215','USA');
Insert into ADDRESS (ADDRESS_ID,ADDRESS_LINE_1,ADDRESS_LINE_2,CITY,STATE_REGION,ZIP_POSTAL_CODE,COUNTRY) values (21,'1 Caliangt Way',null,'Houston','TX','77090','USA');
Insert into ADDRESS (ADDRESS_ID,ADDRESS_LINE_1,ADDRESS_LINE_2,CITY,STATE_REGION,ZIP_POSTAL_CODE,COUNTRY) values (22,'7 Melvin Way',null,'El Paso','TX','79984','USA');
Insert into ADDRESS (ADDRESS_ID,ADDRESS_LINE_1,ADDRESS_LINE_2,CITY,STATE_REGION,ZIP_POSTAL_CODE,COUNTRY) values (23,'3344 Erie Way',null,'Amarillo','TX','79116','USA');
Insert into ADDRESS (ADDRESS_ID,ADDRESS_LINE_1,ADDRESS_LINE_2,CITY,STATE_REGION,ZIP_POSTAL_CODE,COUNTRY) values (24,'50 Prairie Rose Center',null,'Garland','TX','75049','USA');
Insert into ADDRESS (ADDRESS_ID,ADDRESS_LINE_1,ADDRESS_LINE_2,CITY,STATE_REGION,ZIP_POSTAL_CODE,COUNTRY) values (25,'7179 Melby Place',null,'Houston','TX','77228','USA');
Insert into ADDRESS (ADDRESS_ID,ADDRESS_LINE_1,ADDRESS_LINE_2,CITY,STATE_REGION,ZIP_POSTAL_CODE,COUNTRY) values (26,'21 Sugar Way',null,'Odessa','TX','79769','USA');
Insert into ADDRESS (ADDRESS_ID,ADDRESS_LINE_1,ADDRESS_LINE_2,CITY,STATE_REGION,ZIP_POSTAL_CODE,COUNTRY) values (27,'64663 6th Pass',null,'Austin','TX','78715','USA');
Insert into ADDRESS (ADDRESS_ID,ADDRESS_LINE_1,ADDRESS_LINE_2,CITY,STATE_REGION,ZIP_POSTAL_CODE,COUNTRY) values (28,'1 Twin Pines Terrace',null,'San Antonio','TX','78230','USA');
Insert into ADDRESS (ADDRESS_ID,ADDRESS_LINE_1,ADDRESS_LINE_2,CITY,STATE_REGION,ZIP_POSTAL_CODE,COUNTRY) values (29,'3133 Almo Drive',null,'Houston','TX','77015','USA');
Insert into ADDRESS (ADDRESS_ID,ADDRESS_LINE_1,ADDRESS_LINE_2,CITY,STATE_REGION,ZIP_POSTAL_CODE,COUNTRY) values (30,'25 Mesta Parkway',null,'Austin','TX','78703','USA');
Insert into ADDRESS (ADDRESS_ID,ADDRESS_LINE_1,ADDRESS_LINE_2,CITY,STATE_REGION,ZIP_POSTAL_CODE,COUNTRY) values (31,'53 Becker Center',null,'Amarillo','TX','79165','USA');
Insert into ADDRESS (ADDRESS_ID,ADDRESS_LINE_1,ADDRESS_LINE_2,CITY,STATE_REGION,ZIP_POSTAL_CODE,COUNTRY) values (32,'09841 Farwell Plaza',null,'San Angelo','TX','76905','USA');
Insert into ADDRESS (ADDRESS_ID,ADDRESS_LINE_1,ADDRESS_LINE_2,CITY,STATE_REGION,ZIP_POSTAL_CODE,COUNTRY) values (33,'05 Russell Plaza',null,'Texarkana','TX','75507','USA');
Insert into ADDRESS (ADDRESS_ID,ADDRESS_LINE_1,ADDRESS_LINE_2,CITY,STATE_REGION,ZIP_POSTAL_CODE,COUNTRY) values (34,'51 Dwight Center',null,'Wichita Falls','TX','76310','USA');
Insert into ADDRESS (ADDRESS_ID,ADDRESS_LINE_1,ADDRESS_LINE_2,CITY,STATE_REGION,ZIP_POSTAL_CODE,COUNTRY) values (35,'283 Fordem Crossing',null,'Fort Worth','TX','76129','USA');
Insert into ADDRESS (ADDRESS_ID,ADDRESS_LINE_1,ADDRESS_LINE_2,CITY,STATE_REGION,ZIP_POSTAL_CODE,COUNTRY) values (36,'0742 Hansons Crossing',null,'San Antonio','TX','78260','USA');
Insert into ADDRESS (ADDRESS_ID,ADDRESS_LINE_1,ADDRESS_LINE_2,CITY,STATE_REGION,ZIP_POSTAL_CODE,COUNTRY) values (37,'271 Lotheville Crossing',null,'San Antonio','TX','78250','USA');
Insert into ADDRESS (ADDRESS_ID,ADDRESS_LINE_1,ADDRESS_LINE_2,CITY,STATE_REGION,ZIP_POSTAL_CODE,COUNTRY) values (38,'86 Barnett Pass',null,'San Antonio','TX','78250','USA');
Insert into ADDRESS (ADDRESS_ID,ADDRESS_LINE_1,ADDRESS_LINE_2,CITY,STATE_REGION,ZIP_POSTAL_CODE,COUNTRY) values (39,'947 Saint Paul Terrace',null,'Longview','TX','75605','USA');
Insert into ADDRESS (ADDRESS_ID,ADDRESS_LINE_1,ADDRESS_LINE_2,CITY,STATE_REGION,ZIP_POSTAL_CODE,COUNTRY) values (40,'10606 Stephen Parkway',null,'Fort Worth','TX','76105','USA');
Insert into ADDRESS (ADDRESS_ID,ADDRESS_LINE_1,ADDRESS_LINE_2,CITY,STATE_REGION,ZIP_POSTAL_CODE,COUNTRY) values (41,'4468 Grim Trail',null,'Austin','TX','78726','USA');
Insert into ADDRESS (ADDRESS_ID,ADDRESS_LINE_1,ADDRESS_LINE_2,CITY,STATE_REGION,ZIP_POSTAL_CODE,COUNTRY) values (42,'08486 Laurel Road',null,'Dallas','TX','75342','USA');
Insert into ADDRESS (ADDRESS_ID,ADDRESS_LINE_1,ADDRESS_LINE_2,CITY,STATE_REGION,ZIP_POSTAL_CODE,COUNTRY) values (43,'73613 West Hill',null,'Waco','TX','76796','USA');
Insert into ADDRESS (ADDRESS_ID,ADDRESS_LINE_1,ADDRESS_LINE_2,CITY,STATE_REGION,ZIP_POSTAL_CODE,COUNTRY) values (44,'98027 Morrow Road',null,'Corpus Christi','TX','78465','USA');
Insert into ADDRESS (ADDRESS_ID,ADDRESS_LINE_1,ADDRESS_LINE_2,CITY,STATE_REGION,ZIP_POSTAL_CODE,COUNTRY) values (45,'6241 Kipling Lane',null,'Austin','TX','78778','USA');
Insert into ADDRESS (ADDRESS_ID,ADDRESS_LINE_1,ADDRESS_LINE_2,CITY,STATE_REGION,ZIP_POSTAL_CODE,COUNTRY) values (46,'87499 Hayes Road',null,'Tyler','TX','75705','USA');
Insert into ADDRESS (ADDRESS_ID,ADDRESS_LINE_1,ADDRESS_LINE_2,CITY,STATE_REGION,ZIP_POSTAL_CODE,COUNTRY) values (47,'8 Tomscot Road',null,'Fort Worth','TX','76198','USA');
Insert into ADDRESS (ADDRESS_ID,ADDRESS_LINE_1,ADDRESS_LINE_2,CITY,STATE_REGION,ZIP_POSTAL_CODE,COUNTRY) values (48,'097 Reindahl Alley',null,'Temple','TX','76505','USA');
Insert into ADDRESS (ADDRESS_ID,ADDRESS_LINE_1,ADDRESS_LINE_2,CITY,STATE_REGION,ZIP_POSTAL_CODE,COUNTRY) values (49,'37 Monterey Parkway',null,'Waco','TX','76705','USA');
Insert into ADDRESS (ADDRESS_ID,ADDRESS_LINE_1,ADDRESS_LINE_2,CITY,STATE_REGION,ZIP_POSTAL_CODE,COUNTRY) values (50,'85 Nevada Center',null,'El Paso','TX','79905','USA');
Insert into ADDRESS (ADDRESS_ID,ADDRESS_LINE_1,ADDRESS_LINE_2,CITY,STATE_REGION,ZIP_POSTAL_CODE,COUNTRY) values (51,'572 Briar Crest Pass',null,'El Paso','TX','79911','USA');
Insert into ADDRESS (ADDRESS_ID,ADDRESS_LINE_1,ADDRESS_LINE_2,CITY,STATE_REGION,ZIP_POSTAL_CODE,COUNTRY) values (52,'2 Aberg Place',null,'El Paso','TX','88525','USA');
Insert into ADDRESS (ADDRESS_ID,ADDRESS_LINE_1,ADDRESS_LINE_2,CITY,STATE_REGION,ZIP_POSTAL_CODE,COUNTRY) values (53,'401 Larry Street',null,'El Paso','TX','79923','USA');
Insert into ADDRESS (ADDRESS_ID,ADDRESS_LINE_1,ADDRESS_LINE_2,CITY,STATE_REGION,ZIP_POSTAL_CODE,COUNTRY) values (54,'5994 Golden Leaf Trail',null,'Corpus Christi','TX','78410','USA');
Insert into ADDRESS (ADDRESS_ID,ADDRESS_LINE_1,ADDRESS_LINE_2,CITY,STATE_REGION,ZIP_POSTAL_CODE,COUNTRY) values (55,'143 Towne Point',null,'El Paso','TX','79940','USA');
Insert into ADDRESS (ADDRESS_ID,ADDRESS_LINE_1,ADDRESS_LINE_2,CITY,STATE_REGION,ZIP_POSTAL_CODE,COUNTRY) values (56,'5 Loeprich Court',null,'San Antonio','TX','78255','USA');
Insert into ADDRESS (ADDRESS_ID,ADDRESS_LINE_1,ADDRESS_LINE_2,CITY,STATE_REGION,ZIP_POSTAL_CODE,COUNTRY) values (57,'5 Anhalt Parkway',null,'San Antonio','TX','78220','USA');
Insert into ADDRESS (ADDRESS_ID,ADDRESS_LINE_1,ADDRESS_LINE_2,CITY,STATE_REGION,ZIP_POSTAL_CODE,COUNTRY) values (58,'9 Knutson Pass',null,'Houston','TX','77271','USA');
Insert into ADDRESS (ADDRESS_ID,ADDRESS_LINE_1,ADDRESS_LINE_2,CITY,STATE_REGION,ZIP_POSTAL_CODE,COUNTRY) values (59,'4497 Lerdahl Court',null,'Dallas','TX','75372','USA');
Insert into ADDRESS (ADDRESS_ID,ADDRESS_LINE_1,ADDRESS_LINE_2,CITY,STATE_REGION,ZIP_POSTAL_CODE,COUNTRY) values (60,'240 Weeping Birch Trail',null,'El Paso','TX','88569','USA');
Insert into ADDRESS (ADDRESS_ID,ADDRESS_LINE_1,ADDRESS_LINE_2,CITY,STATE_REGION,ZIP_POSTAL_CODE,COUNTRY) values (61,'5310 Armistice Hill',null,'Dallas','TX','75205','USA');
Insert into ADDRESS (ADDRESS_ID,ADDRESS_LINE_1,ADDRESS_LINE_2,CITY,STATE_REGION,ZIP_POSTAL_CODE,COUNTRY) values (62,'4 Beilfuss Terrace',null,'Houston','TX','77010','USA');
Insert into ADDRESS (ADDRESS_ID,ADDRESS_LINE_1,ADDRESS_LINE_2,CITY,STATE_REGION,ZIP_POSTAL_CODE,COUNTRY) values (63,'266 Northland Parkway',null,'Houston','TX','77281','USA');
Insert into ADDRESS (ADDRESS_ID,ADDRESS_LINE_1,ADDRESS_LINE_2,CITY,STATE_REGION,ZIP_POSTAL_CODE,COUNTRY) values (64,'001 Pierstorff Park',null,'Pasadena','TX','77505','USA');
Insert into ADDRESS (ADDRESS_ID,ADDRESS_LINE_1,ADDRESS_LINE_2,CITY,STATE_REGION,ZIP_POSTAL_CODE,COUNTRY) values (65,'51451 Cordelia Parkway',null,'Waco','TX','76796','USA');
Insert into ADDRESS (ADDRESS_ID,ADDRESS_LINE_1,ADDRESS_LINE_2,CITY,STATE_REGION,ZIP_POSTAL_CODE,COUNTRY) values (66,'707 Bayside Avenue',null,'Dallas','TX','75241','USA');
Insert into ADDRESS (ADDRESS_ID,ADDRESS_LINE_1,ADDRESS_LINE_2,CITY,STATE_REGION,ZIP_POSTAL_CODE,COUNTRY) values (67,'72 Cambridge Lane',null,'Dallas','TX','75260','USA');
Insert into ADDRESS (ADDRESS_ID,ADDRESS_LINE_1,ADDRESS_LINE_2,CITY,STATE_REGION,ZIP_POSTAL_CODE,COUNTRY) values (68,'852 Fairfield Parkway',null,'Amarillo','TX','79182','USA');
Insert into ADDRESS (ADDRESS_ID,ADDRESS_LINE_1,ADDRESS_LINE_2,CITY,STATE_REGION,ZIP_POSTAL_CODE,COUNTRY) values (69,'1 Burrows Point',null,'Austin','TX','78732','USA');
Insert into ADDRESS (ADDRESS_ID,ADDRESS_LINE_1,ADDRESS_LINE_2,CITY,STATE_REGION,ZIP_POSTAL_CODE,COUNTRY) values (70,'1 Eagan Street',null,'Denton','TX','76210','USA');
Insert into ADDRESS (ADDRESS_ID,ADDRESS_LINE_1,ADDRESS_LINE_2,CITY,STATE_REGION,ZIP_POSTAL_CODE,COUNTRY) values (71,'517 Crowley Park',null,'Houston','TX','77015','USA');
Insert into ADDRESS (ADDRESS_ID,ADDRESS_LINE_1,ADDRESS_LINE_2,CITY,STATE_REGION,ZIP_POSTAL_CODE,COUNTRY) values (72,'7 Namekagon Road',null,'Houston','TX','77250','USA');
Insert into ADDRESS (ADDRESS_ID,ADDRESS_LINE_1,ADDRESS_LINE_2,CITY,STATE_REGION,ZIP_POSTAL_CODE,COUNTRY) values (73,'0078 Quincy Terrace',null,'Fort Worth','TX','76198','USA');
Insert into ADDRESS (ADDRESS_ID,ADDRESS_LINE_1,ADDRESS_LINE_2,CITY,STATE_REGION,ZIP_POSTAL_CODE,COUNTRY) values (74,'0524 Debra Way',null,'Killeen','TX','76544','USA');
Insert into ADDRESS (ADDRESS_ID,ADDRESS_LINE_1,ADDRESS_LINE_2,CITY,STATE_REGION,ZIP_POSTAL_CODE,COUNTRY) values (75,'35099 Acker Center',null,'El Paso','TX','79994','USA');
Insert into ADDRESS (ADDRESS_ID,ADDRESS_LINE_1,ADDRESS_LINE_2,CITY,STATE_REGION,ZIP_POSTAL_CODE,COUNTRY) values (76,'3 Debra Place',null,'Pasadena','TX','77505','USA');
Insert into ADDRESS (ADDRESS_ID,ADDRESS_LINE_1,ADDRESS_LINE_2,CITY,STATE_REGION,ZIP_POSTAL_CODE,COUNTRY) values (77,'10598 Melody Plaza',null,'New Delhi','Delhi','110034','IND');
Insert into ADDRESS (ADDRESS_ID,ADDRESS_LINE_1,ADDRESS_LINE_2,CITY,STATE_REGION,ZIP_POSTAL_CODE,COUNTRY) values (78,'9 Sycamore Circle',null,'Houston','TX','77030','USA');
Insert into ADDRESS (ADDRESS_ID,ADDRESS_LINE_1,ADDRESS_LINE_2,CITY,STATE_REGION,ZIP_POSTAL_CODE,COUNTRY) values (79,'45903 Oxford Pass',null,'El Paso','TX','88569','USA');
Insert into ADDRESS (ADDRESS_ID,ADDRESS_LINE_1,ADDRESS_LINE_2,CITY,STATE_REGION,ZIP_POSTAL_CODE,COUNTRY) values (80,'731 Doe Crossing Way',null,'Austin','TX','78754','USA');
Insert into ADDRESS (ADDRESS_ID,ADDRESS_LINE_1,ADDRESS_LINE_2,CITY,STATE_REGION,ZIP_POSTAL_CODE,COUNTRY) values (81,'2608 Chive Road',null,'Wichita Falls','TX','76305','USA');
Insert into ADDRESS (ADDRESS_ID,ADDRESS_LINE_1,ADDRESS_LINE_2,CITY,STATE_REGION,ZIP_POSTAL_CODE,COUNTRY) values (82,'03 Little Fleur Parkway',null,'El Paso','TX','79984','USA');
Insert into ADDRESS (ADDRESS_ID,ADDRESS_LINE_1,ADDRESS_LINE_2,CITY,STATE_REGION,ZIP_POSTAL_CODE,COUNTRY) values (83,'89166 Beilfuss Street',null,'Fort Worth','TX','76121','USA');
Insert into ADDRESS (ADDRESS_ID,ADDRESS_LINE_1,ADDRESS_LINE_2,CITY,STATE_REGION,ZIP_POSTAL_CODE,COUNTRY) values (84,'2 North Court',null,'Fort Worth','TX','76162','USA');
Insert into ADDRESS (ADDRESS_ID,ADDRESS_LINE_1,ADDRESS_LINE_2,CITY,STATE_REGION,ZIP_POSTAL_CODE,COUNTRY) values (85,'960 Katie Street',null,'Austin','TX','78749','USA');
Insert into ADDRESS (ADDRESS_ID,ADDRESS_LINE_1,ADDRESS_LINE_2,CITY,STATE_REGION,ZIP_POSTAL_CODE,COUNTRY) values (86,'38172 Village Point',null,'Midland','TX','79705','USA');
Insert into ADDRESS (ADDRESS_ID,ADDRESS_LINE_1,ADDRESS_LINE_2,CITY,STATE_REGION,ZIP_POSTAL_CODE,COUNTRY) values (87,'53 Victoria Street',null,'Corpus Christi','TX','78426','USA');
Insert into ADDRESS (ADDRESS_ID,ADDRESS_LINE_1,ADDRESS_LINE_2,CITY,STATE_REGION,ZIP_POSTAL_CODE,COUNTRY) values (88,'69 Mayfield Junction',null,'Houston','TX','77234','USA');
Insert into ADDRESS (ADDRESS_ID,ADDRESS_LINE_1,ADDRESS_LINE_2,CITY,STATE_REGION,ZIP_POSTAL_CODE,COUNTRY) values (89,'48 Mesta Junction',null,'San Antonio','TX','78220','USA');
Insert into ADDRESS (ADDRESS_ID,ADDRESS_LINE_1,ADDRESS_LINE_2,CITY,STATE_REGION,ZIP_POSTAL_CODE,COUNTRY) values (90,'20 Portage Road',null,'Fort Worth','TX','76110','USA');
Insert into ADDRESS (ADDRESS_ID,ADDRESS_LINE_1,ADDRESS_LINE_2,CITY,STATE_REGION,ZIP_POSTAL_CODE,COUNTRY) values (91,'3991 Hauk Plaza',null,'Houston','TX','77212','USA');
Insert into ADDRESS (ADDRESS_ID,ADDRESS_LINE_1,ADDRESS_LINE_2,CITY,STATE_REGION,ZIP_POSTAL_CODE,COUNTRY) values (92,'31222 Westridge Court',null,'Denton','TX','76210','USA');
Insert into ADDRESS (ADDRESS_ID,ADDRESS_LINE_1,ADDRESS_LINE_2,CITY,STATE_REGION,ZIP_POSTAL_CODE,COUNTRY) values (93,'75142 Manufacturers Park',null,'Dallas','TX','75379','USA');
Insert into ADDRESS (ADDRESS_ID,ADDRESS_LINE_1,ADDRESS_LINE_2,CITY,STATE_REGION,ZIP_POSTAL_CODE,COUNTRY) values (94,'5160 Old Shore Street',null,'Huntsville','TX','77343','USA');
Insert into ADDRESS (ADDRESS_ID,ADDRESS_LINE_1,ADDRESS_LINE_2,CITY,STATE_REGION,ZIP_POSTAL_CODE,COUNTRY) values (95,'480 Golf View Road',null,'San Antonio','TX','78230','USA');
Insert into ADDRESS (ADDRESS_ID,ADDRESS_LINE_1,ADDRESS_LINE_2,CITY,STATE_REGION,ZIP_POSTAL_CODE,COUNTRY) values (96,'03846 Eastwood Center',null,'Spring','TX','77386','USA');
Insert into ADDRESS (ADDRESS_ID,ADDRESS_LINE_1,ADDRESS_LINE_2,CITY,STATE_REGION,ZIP_POSTAL_CODE,COUNTRY) values (97,'8521 Dapin Street',null,'San Antonio','TX','78225','USA');
Insert into ADDRESS (ADDRESS_ID,ADDRESS_LINE_1,ADDRESS_LINE_2,CITY,STATE_REGION,ZIP_POSTAL_CODE,COUNTRY) values (98,'58262 Evergreen Place',null,'Austin','TX','78759','USA');
Insert into ADDRESS (ADDRESS_ID,ADDRESS_LINE_1,ADDRESS_LINE_2,CITY,STATE_REGION,ZIP_POSTAL_CODE,COUNTRY) values (99,'497 Porter Pass',null,'Austin','TX','78749','USA');
Insert into ADDRESS (ADDRESS_ID,ADDRESS_LINE_1,ADDRESS_LINE_2,CITY,STATE_REGION,ZIP_POSTAL_CODE,COUNTRY) values (100,'024 Sachtjen Crossing',null,'Austin','TX','78783','USA');
Insert into ADDRESS (ADDRESS_ID,ADDRESS_LINE_1,ADDRESS_LINE_2,CITY,STATE_REGION,ZIP_POSTAL_CODE,COUNTRY) values (101,'06 Del Sol Junction',null,'Austin','TX','78769','USA');
Insert into ADDRESS (ADDRESS_ID,ADDRESS_LINE_1,ADDRESS_LINE_2,CITY,STATE_REGION,ZIP_POSTAL_CODE,COUNTRY) values (102,'6 Gina Lane',null,'Austin','TX','78703','USA');
Insert into ADDRESS (ADDRESS_ID,ADDRESS_LINE_1,ADDRESS_LINE_2,CITY,STATE_REGION,ZIP_POSTAL_CODE,COUNTRY) values (103,'57043 Corben Place',null,'Austin','TX','78764','USA');
Insert into ADDRESS (ADDRESS_ID,ADDRESS_LINE_1,ADDRESS_LINE_2,CITY,STATE_REGION,ZIP_POSTAL_CODE,COUNTRY) values (104,'5098 Hanover Trail',null,'Austin','TX','78744','USA');
Insert into ADDRESS (ADDRESS_ID,ADDRESS_LINE_1,ADDRESS_LINE_2,CITY,STATE_REGION,ZIP_POSTAL_CODE,COUNTRY) values (105,'627 Clarendon Terrace',null,'Round Rock','TX','78682','USA');
Insert into ADDRESS (ADDRESS_ID,ADDRESS_LINE_1,ADDRESS_LINE_2,CITY,STATE_REGION,ZIP_POSTAL_CODE,COUNTRY) values (106,'409 American Ash Plaza',null,'Austin','TX','78744','USA');
Insert into ADDRESS (ADDRESS_ID,ADDRESS_LINE_1,ADDRESS_LINE_2,CITY,STATE_REGION,ZIP_POSTAL_CODE,COUNTRY) values (107,'96 Westport Lane',null,'Austin','TX','78715','USA');
Insert into ADDRESS (ADDRESS_ID,ADDRESS_LINE_1,ADDRESS_LINE_2,CITY,STATE_REGION,ZIP_POSTAL_CODE,COUNTRY) values (108,'92691 Gerald Street',null,'Austin','TX','78721','USA');
Insert into ADDRESS (ADDRESS_ID,ADDRESS_LINE_1,ADDRESS_LINE_2,CITY,STATE_REGION,ZIP_POSTAL_CODE,COUNTRY) values (109,'331 Buhler Alley',null,'Austin','TX','78744','USA');
Insert into ADDRESS (ADDRESS_ID,ADDRESS_LINE_1,ADDRESS_LINE_2,CITY,STATE_REGION,ZIP_POSTAL_CODE,COUNTRY) values (110,'93 Moulton Pass',null,'Austin','TX','78754','USA');
Insert into ADDRESS (ADDRESS_ID,ADDRESS_LINE_1,ADDRESS_LINE_2,CITY,STATE_REGION,ZIP_POSTAL_CODE,COUNTRY) values (111,'97 Arkansas Road',null,'Austin','TX','78749','USA');
Insert into ADDRESS (ADDRESS_ID,ADDRESS_LINE_1,ADDRESS_LINE_2,CITY,STATE_REGION,ZIP_POSTAL_CODE,COUNTRY) values (112,'8 Barnett Center',null,'Round Rock','TX','78682','USA');
Insert into ADDRESS (ADDRESS_ID,ADDRESS_LINE_1,ADDRESS_LINE_2,CITY,STATE_REGION,ZIP_POSTAL_CODE,COUNTRY) values (113,'5 Rowland Park',null,'Austin','TX','78703','USA');
Insert into ADDRESS (ADDRESS_ID,ADDRESS_LINE_1,ADDRESS_LINE_2,CITY,STATE_REGION,ZIP_POSTAL_CODE,COUNTRY) values (114,'40 Blaine Terrace',null,'Austin','TX','78789','USA');
Insert into ADDRESS (ADDRESS_ID,ADDRESS_LINE_1,ADDRESS_LINE_2,CITY,STATE_REGION,ZIP_POSTAL_CODE,COUNTRY) values (115,'6 Atwood Hill',null,'Austin','TX','78778','USA');
Insert into ADDRESS (ADDRESS_ID,ADDRESS_LINE_1,ADDRESS_LINE_2,CITY,STATE_REGION,ZIP_POSTAL_CODE,COUNTRY) values (116,'6 Vera Center',null,'Austin','TX','78764','USA');
Insert into ADDRESS (ADDRESS_ID,ADDRESS_LINE_1,ADDRESS_LINE_2,CITY,STATE_REGION,ZIP_POSTAL_CODE,COUNTRY) values (117,'0 Redwing Avenue',null,'Austin','TX','78769','USA');
Insert into ADDRESS (ADDRESS_ID,ADDRESS_LINE_1,ADDRESS_LINE_2,CITY,STATE_REGION,ZIP_POSTAL_CODE,COUNTRY) values (118,'94 Superior Parkway',null,'Austin','TX','78754','USA');
Insert into ADDRESS (ADDRESS_ID,ADDRESS_LINE_1,ADDRESS_LINE_2,CITY,STATE_REGION,ZIP_POSTAL_CODE,COUNTRY) values (119,'4961 Waxwing Trail',null,'Austin','TX','78715','USA');
Insert into ADDRESS (ADDRESS_ID,ADDRESS_LINE_1,ADDRESS_LINE_2,CITY,STATE_REGION,ZIP_POSTAL_CODE,COUNTRY) values (120,'12324 Di Loreto Avenue',null,'Austin','TX','78769','USA');
Insert into ADDRESS (ADDRESS_ID,ADDRESS_LINE_1,ADDRESS_LINE_2,CITY,STATE_REGION,ZIP_POSTAL_CODE,COUNTRY) values (121,'70373 Drewry Pass',null,'Austin','TX','78732','USA');
Insert into ADDRESS (ADDRESS_ID,ADDRESS_LINE_1,ADDRESS_LINE_2,CITY,STATE_REGION,ZIP_POSTAL_CODE,COUNTRY) values (122,'79990 Valley Edge Hill',null,'Austin','TX','78732','USA');
Insert into ADDRESS (ADDRESS_ID,ADDRESS_LINE_1,ADDRESS_LINE_2,CITY,STATE_REGION,ZIP_POSTAL_CODE,COUNTRY) values (123,'8065 Northfield Plaza',null,'Austin','TX','78737','USA');
Insert into ADDRESS (ADDRESS_ID,ADDRESS_LINE_1,ADDRESS_LINE_2,CITY,STATE_REGION,ZIP_POSTAL_CODE,COUNTRY) values (124,'446 Kensington Parkway',null,'Austin','TX','78754','USA');
Insert into ADDRESS (ADDRESS_ID,ADDRESS_LINE_1,ADDRESS_LINE_2,CITY,STATE_REGION,ZIP_POSTAL_CODE,COUNTRY) values (125,'32 Victoria Junction',null,'Austin','TX','78726','USA');
Insert into ADDRESS (ADDRESS_ID,ADDRESS_LINE_1,ADDRESS_LINE_2,CITY,STATE_REGION,ZIP_POSTAL_CODE,COUNTRY) values (126,'56 Judy Circle',null,'Austin','TX','78710','USA');
Insert into ADDRESS (ADDRESS_ID,ADDRESS_LINE_1,ADDRESS_LINE_2,CITY,STATE_REGION,ZIP_POSTAL_CODE,COUNTRY) values (127,'1593 Clarendon Center',null,'Austin','TX','78737','USA');
Insert into ADDRESS (ADDRESS_ID,ADDRESS_LINE_1,ADDRESS_LINE_2,CITY,STATE_REGION,ZIP_POSTAL_CODE,COUNTRY) values (128,'16 Gerald Street',null,'Austin','TX','78710','USA');
Insert into ADDRESS (ADDRESS_ID,ADDRESS_LINE_1,ADDRESS_LINE_2,CITY,STATE_REGION,ZIP_POSTAL_CODE,COUNTRY) values (129,'2063 Sauthoff Street',null,'Austin','TX','78715','USA');
Insert into ADDRESS (ADDRESS_ID,ADDRESS_LINE_1,ADDRESS_LINE_2,CITY,STATE_REGION,ZIP_POSTAL_CODE,COUNTRY) values (130,'606 Kedzie Lane',null,'Round Rock','TX','78682','USA');
Insert into ADDRESS (ADDRESS_ID,ADDRESS_LINE_1,ADDRESS_LINE_2,CITY,STATE_REGION,ZIP_POSTAL_CODE,COUNTRY) values (131,'5469 Goodland Place',null,'Austin','TX','78710','USA');
Insert into ADDRESS (ADDRESS_ID,ADDRESS_LINE_1,ADDRESS_LINE_2,CITY,STATE_REGION,ZIP_POSTAL_CODE,COUNTRY) values (132,'6 Bay Junction',null,'Austin','TX','78778','USA');
Insert into ADDRESS (ADDRESS_ID,ADDRESS_LINE_1,ADDRESS_LINE_2,CITY,STATE_REGION,ZIP_POSTAL_CODE,COUNTRY) values (133,'593 Bowman Parkway',null,'Austin','TX','78789','USA');
Insert into ADDRESS (ADDRESS_ID,ADDRESS_LINE_1,ADDRESS_LINE_2,CITY,STATE_REGION,ZIP_POSTAL_CODE,COUNTRY) values (134,'5049 Dottie Pass',null,'Austin','TX','78789','USA');
Insert into ADDRESS (ADDRESS_ID,ADDRESS_LINE_1,ADDRESS_LINE_2,CITY,STATE_REGION,ZIP_POSTAL_CODE,COUNTRY) values (135,'4804 Reindahl Center',null,'Austin','TX','78754','USA');
Insert into ADDRESS (ADDRESS_ID,ADDRESS_LINE_1,ADDRESS_LINE_2,CITY,STATE_REGION,ZIP_POSTAL_CODE,COUNTRY) values (136,'4 Eggendart Plaza',null,'Austin','TX','78783','USA');
Insert into ADDRESS (ADDRESS_ID,ADDRESS_LINE_1,ADDRESS_LINE_2,CITY,STATE_REGION,ZIP_POSTAL_CODE,COUNTRY) values (137,'2 Mcbride Point',null,'Round Rock','TX','78682','USA');
Insert into ADDRESS (ADDRESS_ID,ADDRESS_LINE_1,ADDRESS_LINE_2,CITY,STATE_REGION,ZIP_POSTAL_CODE,COUNTRY) values (138,'62726 Stephen Center',null,'Austin','TX','78754','USA');
Insert into ADDRESS (ADDRESS_ID,ADDRESS_LINE_1,ADDRESS_LINE_2,CITY,STATE_REGION,ZIP_POSTAL_CODE,COUNTRY) values (139,'3556 Aberg Hill',null,'Round Rock','TX','78682','USA');
Insert into ADDRESS (ADDRESS_ID,ADDRESS_LINE_1,ADDRESS_LINE_2,CITY,STATE_REGION,ZIP_POSTAL_CODE,COUNTRY) values (140,'02 Bayside Center',null,'Austin','TX','78759','USA');
Insert into ADDRESS (ADDRESS_ID,ADDRESS_LINE_1,ADDRESS_LINE_2,CITY,STATE_REGION,ZIP_POSTAL_CODE,COUNTRY) values (141,'2122 Vidon Drive',null,'Austin','TX','78737','USA');
Insert into ADDRESS (ADDRESS_ID,ADDRESS_LINE_1,ADDRESS_LINE_2,CITY,STATE_REGION,ZIP_POSTAL_CODE,COUNTRY) values (142,'915 Del Sol Parkway',null,'Austin','TX','78749','USA');
Insert into ADDRESS (ADDRESS_ID,ADDRESS_LINE_1,ADDRESS_LINE_2,CITY,STATE_REGION,ZIP_POSTAL_CODE,COUNTRY) values (143,'44 Tennyson Hill',null,'Austin','TX','78769','USA');
Insert into ADDRESS (ADDRESS_ID,ADDRESS_LINE_1,ADDRESS_LINE_2,CITY,STATE_REGION,ZIP_POSTAL_CODE,COUNTRY) values (144,'61 Portage Pass',null,'Austin','TX','78737','USA');
Insert into ADDRESS (ADDRESS_ID,ADDRESS_LINE_1,ADDRESS_LINE_2,CITY,STATE_REGION,ZIP_POSTAL_CODE,COUNTRY) values (145,'6 Jenifer Road',null,'Austin','TX','78789','USA');
Insert into ADDRESS (ADDRESS_ID,ADDRESS_LINE_1,ADDRESS_LINE_2,CITY,STATE_REGION,ZIP_POSTAL_CODE,COUNTRY) values (146,'54759 Mariners Cove Trail',null,'Austin','TX','78764','USA');
Insert into ADDRESS (ADDRESS_ID,ADDRESS_LINE_1,ADDRESS_LINE_2,CITY,STATE_REGION,ZIP_POSTAL_CODE,COUNTRY) values (147,'6 Troy Drive',null,'Austin','TX','78759','USA');
Insert into ADDRESS (ADDRESS_ID,ADDRESS_LINE_1,ADDRESS_LINE_2,CITY,STATE_REGION,ZIP_POSTAL_CODE,COUNTRY) values (148,'5730 Kings Crossing',null,'Austin','TX','78778','USA');
Insert into ADDRESS (ADDRESS_ID,ADDRESS_LINE_1,ADDRESS_LINE_2,CITY,STATE_REGION,ZIP_POSTAL_CODE,COUNTRY) values (149,'4701 Ilene Drive',null,'Austin','TX','78703','USA');
Insert into ADDRESS (ADDRESS_ID,ADDRESS_LINE_1,ADDRESS_LINE_2,CITY,STATE_REGION,ZIP_POSTAL_CODE,COUNTRY) values (150,'75 Chive Parkway',null,'Austin','TX','78749','USA');
Insert into ADDRESS (ADDRESS_ID,ADDRESS_LINE_1,ADDRESS_LINE_2,CITY,STATE_REGION,ZIP_POSTAL_CODE,COUNTRY) values (151,'86 Miller Lane',null,'Austin','TX','78769','USA');
Insert into ADDRESS (ADDRESS_ID,ADDRESS_LINE_1,ADDRESS_LINE_2,CITY,STATE_REGION,ZIP_POSTAL_CODE,COUNTRY) values (152,'724 Onsgard Street',null,'Austin','TX','78710','USA');
Insert into ADDRESS (ADDRESS_ID,ADDRESS_LINE_1,ADDRESS_LINE_2,CITY,STATE_REGION,ZIP_POSTAL_CODE,COUNTRY) values (153,'98390 Del Mar Crossing',null,'Austin','TX','78759','USA');
Insert into ADDRESS (ADDRESS_ID,ADDRESS_LINE_1,ADDRESS_LINE_2,CITY,STATE_REGION,ZIP_POSTAL_CODE,COUNTRY) values (154,'997 Loomis Parkway',null,'Austin','TX','78710','USA');
Insert into ADDRESS (ADDRESS_ID,ADDRESS_LINE_1,ADDRESS_LINE_2,CITY,STATE_REGION,ZIP_POSTAL_CODE,COUNTRY) values (155,'374 Merchant Plaza',null,'Austin','TX','78721','USA');
Insert into ADDRESS (ADDRESS_ID,ADDRESS_LINE_1,ADDRESS_LINE_2,CITY,STATE_REGION,ZIP_POSTAL_CODE,COUNTRY) values (156,'777 Menomonie Park',null,'Austin','TX','78749','USA');
Insert into ADDRESS (ADDRESS_ID,ADDRESS_LINE_1,ADDRESS_LINE_2,CITY,STATE_REGION,ZIP_POSTAL_CODE,COUNTRY) values (157,'9 Carberry Junction',null,'Austin','TX','78789','USA');
Insert into ADDRESS (ADDRESS_ID,ADDRESS_LINE_1,ADDRESS_LINE_2,CITY,STATE_REGION,ZIP_POSTAL_CODE,COUNTRY) values (158,'9817 Gale Way',null,'Austin','TX','78754','USA');
Insert into ADDRESS (ADDRESS_ID,ADDRESS_LINE_1,ADDRESS_LINE_2,CITY,STATE_REGION,ZIP_POSTAL_CODE,COUNTRY) values (159,'3 Elka Court',null,'Austin','TX','78721','USA');
Insert into ADDRESS (ADDRESS_ID,ADDRESS_LINE_1,ADDRESS_LINE_2,CITY,STATE_REGION,ZIP_POSTAL_CODE,COUNTRY) values (160,'4689 Vermont Trail',null,'Austin','TX','78715','USA');
Insert into ADDRESS (ADDRESS_ID,ADDRESS_LINE_1,ADDRESS_LINE_2,CITY,STATE_REGION,ZIP_POSTAL_CODE,COUNTRY) values (161,'2161 Manley Junction',null,'Austin','TX','78737','USA');
Insert into ADDRESS (ADDRESS_ID,ADDRESS_LINE_1,ADDRESS_LINE_2,CITY,STATE_REGION,ZIP_POSTAL_CODE,COUNTRY) values (162,'015 Farwell Pass',null,'Austin','TX','78744','USA');
Insert into ADDRESS (ADDRESS_ID,ADDRESS_LINE_1,ADDRESS_LINE_2,CITY,STATE_REGION,ZIP_POSTAL_CODE,COUNTRY) values (163,'7 Dunning Terrace',null,'Austin','TX','78737','USA');
Insert into ADDRESS (ADDRESS_ID,ADDRESS_LINE_1,ADDRESS_LINE_2,CITY,STATE_REGION,ZIP_POSTAL_CODE,COUNTRY) values (164,'649 Main Alley',null,'Austin','TX','78751','USA');
Insert into ADDRESS (ADDRESS_ID,ADDRESS_LINE_1,ADDRESS_LINE_2,CITY,STATE_REGION,ZIP_POSTAL_CODE,COUNTRY) values (165,'17 Rieder Center',null,'Austin','TX','78751','USA');
Insert into ADDRESS (ADDRESS_ID,ADDRESS_LINE_1,ADDRESS_LINE_2,CITY,STATE_REGION,ZIP_POSTAL_CODE,COUNTRY) values (166,'548 Sachs Avenue',null,'Austin','TX','78751','USA');
Insert into ADDRESS (ADDRESS_ID,ADDRESS_LINE_1,ADDRESS_LINE_2,CITY,STATE_REGION,ZIP_POSTAL_CODE,COUNTRY) values (167,'556 Daystar Lane',null,'Austin','TX','78751','USA');
Insert into ADDRESS (ADDRESS_ID,ADDRESS_LINE_1,ADDRESS_LINE_2,CITY,STATE_REGION,ZIP_POSTAL_CODE,COUNTRY) values (168,'3173 Carpenter Parkway',null,'Austin','TX','78751','USA');
Insert into ADDRESS (ADDRESS_ID,ADDRESS_LINE_1,ADDRESS_LINE_2,CITY,STATE_REGION,ZIP_POSTAL_CODE,COUNTRY) values (169,'50 Transport Parkway',null,'Austin','TX','78751','USA');
Insert into ADDRESS (ADDRESS_ID,ADDRESS_LINE_1,ADDRESS_LINE_2,CITY,STATE_REGION,ZIP_POSTAL_CODE,COUNTRY) values (170,'9280 Lakewood Pass',null,'Austin','TX','78751','USA');
Insert into ADDRESS (ADDRESS_ID,ADDRESS_LINE_1,ADDRESS_LINE_2,CITY,STATE_REGION,ZIP_POSTAL_CODE,COUNTRY) values (171,'804 Hayes Parkway',null,'Austin','TX','78751','USA');
Insert into ADDRESS (ADDRESS_ID,ADDRESS_LINE_1,ADDRESS_LINE_2,CITY,STATE_REGION,ZIP_POSTAL_CODE,COUNTRY) values (172,'82822 Gerald Way',null,'Austin','TX','78751','USA');
Insert into ADDRESS (ADDRESS_ID,ADDRESS_LINE_1,ADDRESS_LINE_2,CITY,STATE_REGION,ZIP_POSTAL_CODE,COUNTRY) values (173,'839 Springs Parkway',null,'Austin','TX','78751','USA');
Insert into ADDRESS (ADDRESS_ID,ADDRESS_LINE_1,ADDRESS_LINE_2,CITY,STATE_REGION,ZIP_POSTAL_CODE,COUNTRY) values (174,'2779 Annamark Lane',null,'Austin','TX','78751','USA');
Insert into ADDRESS (ADDRESS_ID,ADDRESS_LINE_1,ADDRESS_LINE_2,CITY,STATE_REGION,ZIP_POSTAL_CODE,COUNTRY) values (175,'9174 Farwell Alley',null,'Austin','TX','78751','USA');
Insert into ADDRESS (ADDRESS_ID,ADDRESS_LINE_1,ADDRESS_LINE_2,CITY,STATE_REGION,ZIP_POSTAL_CODE,COUNTRY) values (176,'19213 Kings Crossing',null,'Austin','TX','78751','USA');
Insert into ADDRESS (ADDRESS_ID,ADDRESS_LINE_1,ADDRESS_LINE_2,CITY,STATE_REGION,ZIP_POSTAL_CODE,COUNTRY) values (177,'64443 Independence Road',null,'Austin','TX','78751','USA');
Insert into ADDRESS (ADDRESS_ID,ADDRESS_LINE_1,ADDRESS_LINE_2,CITY,STATE_REGION,ZIP_POSTAL_CODE,COUNTRY) values (178,'5 Spohn Junction',null,'Austin','TX','78751','USA');
Insert into ADDRESS (ADDRESS_ID,ADDRESS_LINE_1,ADDRESS_LINE_2,CITY,STATE_REGION,ZIP_POSTAL_CODE,COUNTRY) values (179,'4469 Colorado Trail',null,'Austin','TX','78751','USA');
Insert into ADDRESS (ADDRESS_ID,ADDRESS_LINE_1,ADDRESS_LINE_2,CITY,STATE_REGION,ZIP_POSTAL_CODE,COUNTRY) values (180,'510 Dovetail Alley',null,'Austin','TX','78751','USA');
Insert into ADDRESS (ADDRESS_ID,ADDRESS_LINE_1,ADDRESS_LINE_2,CITY,STATE_REGION,ZIP_POSTAL_CODE,COUNTRY) values (181,'3987 Ludington Pass',null,'Austin','TX','78751','USA');
Insert into ADDRESS (ADDRESS_ID,ADDRESS_LINE_1,ADDRESS_LINE_2,CITY,STATE_REGION,ZIP_POSTAL_CODE,COUNTRY) values (182,'82 Riverside Street',null,'Austin','TX','78751','USA');
Insert into ADDRESS (ADDRESS_ID,ADDRESS_LINE_1,ADDRESS_LINE_2,CITY,STATE_REGION,ZIP_POSTAL_CODE,COUNTRY) values (183,'876 Meadow Vale Crossing',null,'Austin','TX','78751','USA');
Insert into ADDRESS (ADDRESS_ID,ADDRESS_LINE_1,ADDRESS_LINE_2,CITY,STATE_REGION,ZIP_POSTAL_CODE,COUNTRY) values (184,'4 Prairieview Parkway',null,'Round Rock','TX','77705','USA');
Insert into ADDRESS (ADDRESS_ID,ADDRESS_LINE_1,ADDRESS_LINE_2,CITY,STATE_REGION,ZIP_POSTAL_CODE,COUNTRY) values (185,'05 Cordelia Court',null,'Round Rock','TX','77705','USA');
Insert into ADDRESS (ADDRESS_ID,ADDRESS_LINE_1,ADDRESS_LINE_2,CITY,STATE_REGION,ZIP_POSTAL_CODE,COUNTRY) values (186,'9418 Pierstorff Terrace',null,'Austin','TX','78751','USA');
Insert into ADDRESS (ADDRESS_ID,ADDRESS_LINE_1,ADDRESS_LINE_2,CITY,STATE_REGION,ZIP_POSTAL_CODE,COUNTRY) values (187,'601 Westend Circle',null,'Austin','TX','78751','USA');
Insert into ADDRESS (ADDRESS_ID,ADDRESS_LINE_1,ADDRESS_LINE_2,CITY,STATE_REGION,ZIP_POSTAL_CODE,COUNTRY) values (188,'56820 Arkansas Terrace',null,'Austin','TX','78751','USA');
Insert into ADDRESS (ADDRESS_ID,ADDRESS_LINE_1,ADDRESS_LINE_2,CITY,STATE_REGION,ZIP_POSTAL_CODE,COUNTRY) values (189,'2 Novick Park',null,'Austin','TX','78751','USA');
Insert into ADDRESS (ADDRESS_ID,ADDRESS_LINE_1,ADDRESS_LINE_2,CITY,STATE_REGION,ZIP_POSTAL_CODE,COUNTRY) values (190,'1 Weeping Birch Parkway',null,'Austin','TX','78751','USA');
Insert into ADDRESS (ADDRESS_ID,ADDRESS_LINE_1,ADDRESS_LINE_2,CITY,STATE_REGION,ZIP_POSTAL_CODE,COUNTRY) values (191,'1 Homewood Court',null,'Austin','TX','78751','USA');
Insert into ADDRESS (ADDRESS_ID,ADDRESS_LINE_1,ADDRESS_LINE_2,CITY,STATE_REGION,ZIP_POSTAL_CODE,COUNTRY) values (192,'30357 Dovetail Parkway',null,'Austin','TX','78751','USA');
Insert into ADDRESS (ADDRESS_ID,ADDRESS_LINE_1,ADDRESS_LINE_2,CITY,STATE_REGION,ZIP_POSTAL_CODE,COUNTRY) values (193,'90 Dixon Lane',null,'Round Rock','TX','77705','USA');
Insert into ADDRESS (ADDRESS_ID,ADDRESS_LINE_1,ADDRESS_LINE_2,CITY,STATE_REGION,ZIP_POSTAL_CODE,COUNTRY) values (194,'61098 Lakeland Park',null,'Round Rock','TX','77705','USA');
Insert into ADDRESS (ADDRESS_ID,ADDRESS_LINE_1,ADDRESS_LINE_2,CITY,STATE_REGION,ZIP_POSTAL_CODE,COUNTRY) values (195,'83 Brown Plaza',null,'Round Rock','TX','77705','USA');
Insert into ADDRESS (ADDRESS_ID,ADDRESS_LINE_1,ADDRESS_LINE_2,CITY,STATE_REGION,ZIP_POSTAL_CODE,COUNTRY) values (196,'479 Delladonna Avenue',null,'Round Rock','TX','77705','USA');
Insert into ADDRESS (ADDRESS_ID,ADDRESS_LINE_1,ADDRESS_LINE_2,CITY,STATE_REGION,ZIP_POSTAL_CODE,COUNTRY) values (197,'52 Bayside Park',null,'Austin','TX','78751','USA');
Insert into ADDRESS (ADDRESS_ID,ADDRESS_LINE_1,ADDRESS_LINE_2,CITY,STATE_REGION,ZIP_POSTAL_CODE,COUNTRY) values (198,'799 Merry Parkway',null,'Austin','TX','78751','USA');
Insert into ADDRESS (ADDRESS_ID,ADDRESS_LINE_1,ADDRESS_LINE_2,CITY,STATE_REGION,ZIP_POSTAL_CODE,COUNTRY) values (199,'494 Upham Circle',null,'Austin','TX','78751','USA');
Insert into ADDRESS (ADDRESS_ID,ADDRESS_LINE_1,ADDRESS_LINE_2,CITY,STATE_REGION,ZIP_POSTAL_CODE,COUNTRY) values (200,'16542 Hermina Lane',null,'Round Rock','TX','77705','USA');
Insert into ADDRESS (ADDRESS_ID,ADDRESS_LINE_1,ADDRESS_LINE_2,CITY,STATE_REGION,ZIP_POSTAL_CODE,COUNTRY) values (201,'46 Waxwing Crossing',null,'Austin','TX','78751','USA');
Insert into ADDRESS (ADDRESS_ID,ADDRESS_LINE_1,ADDRESS_LINE_2,CITY,STATE_REGION,ZIP_POSTAL_CODE,COUNTRY) values (202,'5057 Farragut Lane',null,'Austin','TX','78751','USA');
Insert into ADDRESS (ADDRESS_ID,ADDRESS_LINE_1,ADDRESS_LINE_2,CITY,STATE_REGION,ZIP_POSTAL_CODE,COUNTRY) values (203,'693 Warner Parkway',null,'Austin','TX','78751','USA');
Insert into ADDRESS (ADDRESS_ID,ADDRESS_LINE_1,ADDRESS_LINE_2,CITY,STATE_REGION,ZIP_POSTAL_CODE,COUNTRY) values (204,'6 Dixon Hill',null,'Round Rock','TX','77705','USA');
Insert into ADDRESS (ADDRESS_ID,ADDRESS_LINE_1,ADDRESS_LINE_2,CITY,STATE_REGION,ZIP_POSTAL_CODE,COUNTRY) values (205,'9 Anzinger Junction',null,'Austin','TX','78751','USA');
Insert into ADDRESS (ADDRESS_ID,ADDRESS_LINE_1,ADDRESS_LINE_2,CITY,STATE_REGION,ZIP_POSTAL_CODE,COUNTRY) values (206,'88 Forest Hill',null,'Austin','TX','78751','USA');
Insert into ADDRESS (ADDRESS_ID,ADDRESS_LINE_1,ADDRESS_LINE_2,CITY,STATE_REGION,ZIP_POSTAL_CODE,COUNTRY) values (207,'82072 Stuart Way',null,'Austin','TX','78751','USA');
Insert into ADDRESS (ADDRESS_ID,ADDRESS_LINE_1,ADDRESS_LINE_2,CITY,STATE_REGION,ZIP_POSTAL_CODE,COUNTRY) values (208,'1687 Moose Park',null,'Austin','TX','78751','USA');
Insert into ADDRESS (ADDRESS_ID,ADDRESS_LINE_1,ADDRESS_LINE_2,CITY,STATE_REGION,ZIP_POSTAL_CODE,COUNTRY) values (209,'1554 High Crossing Place',null,'Austin','TX','78751','USA');
Insert into ADDRESS (ADDRESS_ID,ADDRESS_LINE_1,ADDRESS_LINE_2,CITY,STATE_REGION,ZIP_POSTAL_CODE,COUNTRY) values (210,'627 Ohio Drive',null,'Round Rock','TX','77705','USA');
Insert into ADDRESS (ADDRESS_ID,ADDRESS_LINE_1,ADDRESS_LINE_2,CITY,STATE_REGION,ZIP_POSTAL_CODE,COUNTRY) values (211,'7 Texas Avenue',null,'Austin','TX','78751','USA');
Insert into ADDRESS (ADDRESS_ID,ADDRESS_LINE_1,ADDRESS_LINE_2,CITY,STATE_REGION,ZIP_POSTAL_CODE,COUNTRY) values (212,'693 Kenwood Road',null,'Austin','TX','78751','USA');
Insert into ADDRESS (ADDRESS_ID,ADDRESS_LINE_1,ADDRESS_LINE_2,CITY,STATE_REGION,ZIP_POSTAL_CODE,COUNTRY) values (213,'71 Browning Drive',null,'Round Rock','TX','77705','USA');
Insert into ADDRESS (ADDRESS_ID,ADDRESS_LINE_1,ADDRESS_LINE_2,CITY,STATE_REGION,ZIP_POSTAL_CODE,COUNTRY) values (214,'139 Granby Avenue',null,'Austin','TX','78751','USA');
Insert into ADDRESS (ADDRESS_ID,ADDRESS_LINE_1,ADDRESS_LINE_2,CITY,STATE_REGION,ZIP_POSTAL_CODE,COUNTRY) values (215,'34702 Cordelia Junction',null,'Round Rock','TX','77705','USA');
Insert into ADDRESS (ADDRESS_ID,ADDRESS_LINE_1,ADDRESS_LINE_2,CITY,STATE_REGION,ZIP_POSTAL_CODE,COUNTRY) values (216,'6506 Anderson Circle',null,'Austin','TX','78751','USA');
Insert into ADDRESS (ADDRESS_ID,ADDRESS_LINE_1,ADDRESS_LINE_2,CITY,STATE_REGION,ZIP_POSTAL_CODE,COUNTRY) values (217,'2677 Delaware Place',null,'Austin','TX','78751','USA');
Insert into ADDRESS (ADDRESS_ID,ADDRESS_LINE_1,ADDRESS_LINE_2,CITY,STATE_REGION,ZIP_POSTAL_CODE,COUNTRY) values (218,'29 Browning Alley',null,'Austin','TX','78751','USA');
Insert into ADDRESS (ADDRESS_ID,ADDRESS_LINE_1,ADDRESS_LINE_2,CITY,STATE_REGION,ZIP_POSTAL_CODE,COUNTRY) values (219,'3954 6th Alley',null,'Austin','TX','78751','USA');
Insert into ADDRESS (ADDRESS_ID,ADDRESS_LINE_1,ADDRESS_LINE_2,CITY,STATE_REGION,ZIP_POSTAL_CODE,COUNTRY) values (220,'494 Utah Junction',null,'Austin','TX','78751','USA');
Insert into ADDRESS (ADDRESS_ID,ADDRESS_LINE_1,ADDRESS_LINE_2,CITY,STATE_REGION,ZIP_POSTAL_CODE,COUNTRY) values (221,'82 Anthes Court',null,'Austin','TX','78751','USA');
Insert into ADDRESS (ADDRESS_ID,ADDRESS_LINE_1,ADDRESS_LINE_2,CITY,STATE_REGION,ZIP_POSTAL_CODE,COUNTRY) values (222,'1184 Weeping Birch Alley',null,'Austin','TX','78751','USA');
commit;

 
-- Insert STUDENT records
SET DEFINE OFF;
Insert into STUDENT (UTEID,FIRST_NAME,MIDDLE_NAME,LAST_NAME,DATE_OF_BIRTH,CLASSIFICATION,EMAIL,PHONE,PRIMARY_COLLEGE_CODE,INTERNATIONAL_FLAG,CGPA) values ('CJO7133','Carol','J','Olligan',to_date('27-MAR-02','DD-MON-RR'),'4','colliganp2@tinyurl.com','934-157-9464','B','N',2.4);
Insert into STUDENT (UTEID,FIRST_NAME,MIDDLE_NAME,LAST_NAME,DATE_OF_BIRTH,CLASSIFICATION,EMAIL,PHONE,PRIMARY_COLLEGE_CODE,INTERNATIONAL_FLAG,CGPA) values ('HBL1790','Hube','B','Leabeater',to_date('14-FEB-02','DD-MON-RR'),'3','hleabeaterp5@indiatimes.com','562-307-1445','B','N',4);
Insert into STUDENT (UTEID,FIRST_NAME,MIDDLE_NAME,LAST_NAME,DATE_OF_BIRTH,CLASSIFICATION,EMAIL,PHONE,PRIMARY_COLLEGE_CODE,INTERNATIONAL_FLAG,CGPA) values ('HRB3071','Hilarius','R','Beasant',to_date('13-JUN-05','DD-MON-RR'),'3','hbeasantp6@cyberchimps.com','631-660-7060','B','N',4);
Insert into STUDENT (UTEID,FIRST_NAME,MIDDLE_NAME,LAST_NAME,DATE_OF_BIRTH,CLASSIFICATION,EMAIL,PHONE,PRIMARY_COLLEGE_CODE,INTERNATIONAL_FLAG,CGPA) values ('CLG3296','Courtnay','L','Gunner',to_date('14-NOV-04','DD-MON-RR'),'1','cgunnerp7@wordpress.com','943-758-9077','B','N',4);
INSERT INTO STUDENT (UTEID,FIRST_NAME,MIDDLE_NAME,LAST_NAME,DATE_OF_BIRTH, CLASSIFICATION, EMAIL, PHONE, PRIMARY_COLLEGE_CODE, INTERNATIONAL_FLAG, CGPA) VALUES ('JZN5692', 'Joellyn', 'Z', 'Noods', TO_DATE('1996-03-23 00:00:00', 'YYYY-MM-DD HH24:MI:SS'), 'G', 'jnoodspe@jugem.jp', '122-327-9403', 'B', 'N', '3.9');
Insert into STUDENT (UTEID,FIRST_NAME,MIDDLE_NAME,LAST_NAME,DATE_OF_BIRTH,CLASSIFICATION,EMAIL,PHONE,PRIMARY_COLLEGE_CODE,INTERNATIONAL_FLAG,CGPA) values ('EUC1533','Edd','U','Chazerand',to_date('29-DEC-02','DD-MON-RR'),'3','echazerandp9@japanpost.jp','635-692-1332','B','N',3.8);
Insert into STUDENT (UTEID,FIRST_NAME,MIDDLE_NAME,LAST_NAME,DATE_OF_BIRTH,CLASSIFICATION,EMAIL,PHONE,PRIMARY_COLLEGE_CODE,INTERNATIONAL_FLAG,CGPA) values ('HUL4767','Hephzibah','U','Lewens',to_date('24-FEB-00','DD-MON-RR'),'4','hlewenspd@ezinearticles.com','602-363-5780','B','N',2.1);
Insert into STUDENT (UTEID,FIRST_NAME,MIDDLE_NAME,LAST_NAME,DATE_OF_BIRTH,CLASSIFICATION,EMAIL,PHONE,PRIMARY_COLLEGE_CODE,INTERNATIONAL_FLAG,CGPA) values ('KNB6385','Kimmy','N','Becket',to_date('28-OCT-01','DD-MON-RR'),'3','kbecketpj@mac.com','495-267-4073','B','N',3.9);
Insert into STUDENT (UTEID,FIRST_NAME,MIDDLE_NAME,LAST_NAME,DATE_OF_BIRTH,CLASSIFICATION,EMAIL,PHONE,PRIMARY_COLLEGE_CODE,INTERNATIONAL_FLAG,CGPA) values ('LKH3280','Lovell','K','Hunter',to_date('01-SEP-05','DD-MON-RR'),'1','lhunterpk@springer.com','524-661-0597','B','N',4);
Insert into STUDENT (UTEID,FIRST_NAME,MIDDLE_NAME,LAST_NAME,DATE_OF_BIRTH,CLASSIFICATION,EMAIL,PHONE,PRIMARY_COLLEGE_CODE,INTERNATIONAL_FLAG,CGPA) values ('FIH8064','Flory','I','Hun',to_date('23-JUL-03','DD-MON-RR'),'1','fhunpl@paypal.com','316-291-8585','B','N',4);
Insert into STUDENT (UTEID,FIRST_NAME,MIDDLE_NAME,LAST_NAME,DATE_OF_BIRTH,CLASSIFICATION,EMAIL,PHONE,PRIMARY_COLLEGE_CODE,INTERNATIONAL_FLAG,CGPA) values ('CWM5042','Cesya','W','Messier',to_date('17-JUN-00','DD-MON-RR'),'1','cmessierpm@liveinternet.ru','856-933-0097','B','N',4);
Insert into STUDENT (UTEID,FIRST_NAME,MIDDLE_NAME,LAST_NAME,DATE_OF_BIRTH,CLASSIFICATION,EMAIL,PHONE,PRIMARY_COLLEGE_CODE,INTERNATIONAL_FLAG,CGPA) values ('DYP7255','Dru','Y','Pollins',to_date('30-NOV-03','DD-MON-RR'),'3','dpollinspn@nydailynews.com','144-902-9456','B','N',3.1);
Insert into STUDENT (UTEID,FIRST_NAME,MIDDLE_NAME,LAST_NAME,DATE_OF_BIRTH,CLASSIFICATION,EMAIL,PHONE,PRIMARY_COLLEGE_CODE,INTERNATIONAL_FLAG,CGPA) values ('FUS2325','Fayette','U','Stapells',to_date('06-NOV-03','DD-MON-RR'),'2','fstapellspq@pcworld.com','171-278-7090','B','N',4);
Insert into STUDENT (UTEID,FIRST_NAME,MIDDLE_NAME,LAST_NAME,DATE_OF_BIRTH,CLASSIFICATION,EMAIL,PHONE,PRIMARY_COLLEGE_CODE,INTERNATIONAL_FLAG,CGPA) values ('MLK6741','Marne','L','Kirvin',to_date('22-FEB-04','DD-MON-RR'),'1','mkirvinpt@ted.com','458-591-8792','B','N',4);
Insert into STUDENT (UTEID,FIRST_NAME,MIDDLE_NAME,LAST_NAME,DATE_OF_BIRTH,CLASSIFICATION,EMAIL,PHONE,PRIMARY_COLLEGE_CODE,INTERNATIONAL_FLAG,CGPA) values ('SUO1824','Shep','U','Olohan',to_date('17-JUN-00','DD-MON-RR'),'3','solohanpu@oakley.com','699-757-6423','B','N',3.6);
Insert into STUDENT (UTEID,FIRST_NAME,MIDDLE_NAME,LAST_NAME,DATE_OF_BIRTH,CLASSIFICATION,EMAIL,PHONE,PRIMARY_COLLEGE_CODE,INTERNATIONAL_FLAG,CGPA) values ('HWO8716','Halli','W','Ornelas',to_date('09-JUN-05','DD-MON-RR'),'4','hornelaspv@fema.gov','301-531-1002','B','N',3.8);
Insert into STUDENT (UTEID,FIRST_NAME,MIDDLE_NAME,LAST_NAME,DATE_OF_BIRTH,CLASSIFICATION,EMAIL,PHONE,PRIMARY_COLLEGE_CODE,INTERNATIONAL_FLAG,CGPA) values ('NGN4753','Noni','G','Noddings',to_date('10-DEC-01','DD-MON-RR'),'4','nnoddingspx@craigslist.org','677-690-2067','B','N',3.9);
Insert into STUDENT (UTEID,FIRST_NAME,MIDDLE_NAME,LAST_NAME,DATE_OF_BIRTH,CLASSIFICATION,EMAIL,PHONE,PRIMARY_COLLEGE_CODE,INTERNATIONAL_FLAG,CGPA) values ('HC3822','Harp',null,'Currall',to_date('30-AUG-03','DD-MON-RR'),'3','hcurrallpy@clickbank.net','640-265-0678','B','N',3);
Insert into STUDENT (UTEID,FIRST_NAME,MIDDLE_NAME,LAST_NAME,DATE_OF_BIRTH,CLASSIFICATION,EMAIL,PHONE,PRIMARY_COLLEGE_CODE,INTERNATIONAL_FLAG,CGPA) values ('FZB7597','Fionnula','Z','Bonnefin',to_date('22-SEP-04','DD-MON-RR'),'4','fbonnefinq4@xrea.com','196-116-3263','B','N',3.1);
Insert into STUDENT (UTEID,FIRST_NAME,MIDDLE_NAME,LAST_NAME,DATE_OF_BIRTH,CLASSIFICATION,EMAIL,PHONE,PRIMARY_COLLEGE_CODE,INTERNATIONAL_FLAG,CGPA) values ('NFS3857','Nicolina','F','Shervington',to_date('12-FEB-03','DD-MON-RR'),'2','nshervingtonq5@vinaora.com','195-515-4120','B','N',4);
Insert into STUDENT (UTEID,FIRST_NAME,MIDDLE_NAME,LAST_NAME,DATE_OF_BIRTH,CLASSIFICATION,EMAIL,PHONE,PRIMARY_COLLEGE_CODE,INTERNATIONAL_FLAG,CGPA) values ('SJF8986','Suzi','J','Frean',to_date('13-MAY-00','DD-MON-RR'),'1','sfreanq6@skyrock.com','706-657-8505','B','N',3.5);
Insert into STUDENT (UTEID,FIRST_NAME,MIDDLE_NAME,LAST_NAME,DATE_OF_BIRTH,CLASSIFICATION,EMAIL,PHONE,PRIMARY_COLLEGE_CODE,INTERNATIONAL_FLAG,CGPA) values ('GHG3454','Gray','H','Giraths',to_date('06-FEB-05','DD-MON-RR'),'2','ggirathsq8@uol.com.br','774-693-0513','B','N',3.9);
Insert into STUDENT (UTEID,FIRST_NAME,MIDDLE_NAME,LAST_NAME,DATE_OF_BIRTH,CLASSIFICATION,EMAIL,PHONE,PRIMARY_COLLEGE_CODE,INTERNATIONAL_FLAG,CGPA) values ('DPD7181','Devina','P','Domanek',to_date('24-DEC-04','DD-MON-RR'),'4','ddomanekq9@liveinternet.ru','769-396-7561','B','N',2.5);
Insert into STUDENT (UTEID,FIRST_NAME,MIDDLE_NAME,LAST_NAME,DATE_OF_BIRTH,CLASSIFICATION,EMAIL,PHONE,PRIMARY_COLLEGE_CODE,INTERNATIONAL_FLAG,CGPA) values ('BWM2884','Barbie','W','Muffen',to_date('04-AUG-05','DD-MON-RR'),'4','bmuffenqa@icq.com','495-418-6984','B','N',2.5);
Insert into STUDENT (UTEID,FIRST_NAME,MIDDLE_NAME,LAST_NAME,DATE_OF_BIRTH,CLASSIFICATION,EMAIL,PHONE,PRIMARY_COLLEGE_CODE,INTERNATIONAL_FLAG,CGPA) values ('EP1580','Ellette',null,'Parker',to_date('16-MAR-03','DD-MON-RR'),'3','eparkerqc@imageshack.us','563-421-9914','B','N',3.7);
Insert into STUDENT (UTEID,FIRST_NAME,MIDDLE_NAME,LAST_NAME,DATE_OF_BIRTH,CLASSIFICATION,EMAIL,PHONE,PRIMARY_COLLEGE_CODE,INTERNATIONAL_FLAG,CGPA) values ('NHH3714','Nancie','H','Henkmann',to_date('31-DEC-00','DD-MON-RR'),'2','nhenkmannqd@freewebs.com','298-859-4310','B','N',3.2);
Insert into STUDENT (UTEID,FIRST_NAME,MIDDLE_NAME,LAST_NAME,DATE_OF_BIRTH,CLASSIFICATION,EMAIL,PHONE,PRIMARY_COLLEGE_CODE,INTERNATIONAL_FLAG,CGPA) values ('SKT372','Selle','K','Trewhela',to_date('13-JAN-02','DD-MON-RR'),'3','strewhelaqe@sogou.com','332-679-9754','B','N',3.7);
Insert into STUDENT (UTEID,FIRST_NAME,MIDDLE_NAME,LAST_NAME,DATE_OF_BIRTH,CLASSIFICATION,EMAIL,PHONE,PRIMARY_COLLEGE_CODE,INTERNATIONAL_FLAG,CGPA) values ('AOP5181','Angus','O','Polo',to_date('18-JAN-01','DD-MON-RR'),'2','apoloqh@salon.com','936-145-9874','B','N',3.9);
Insert into STUDENT (UTEID,FIRST_NAME,MIDDLE_NAME,LAST_NAME,DATE_OF_BIRTH,CLASSIFICATION,EMAIL,PHONE,PRIMARY_COLLEGE_CODE,INTERNATIONAL_FLAG,CGPA) values ('FW6369','Federico',null,'Wolstenholme',to_date('26-AUG-01','DD-MON-RR'),'1','fwolstenholmeqk@sitemeter.com','872-917-8248','B','N',3.5);
Insert into STUDENT (UTEID,FIRST_NAME,MIDDLE_NAME,LAST_NAME,DATE_OF_BIRTH,CLASSIFICATION,EMAIL,PHONE,PRIMARY_COLLEGE_CODE,INTERNATIONAL_FLAG,CGPA) values ('HNP7794','Harrie','N','Pendleberry',to_date('18-APR-04','DD-MON-RR'),'4','hpendleberryql@baidu.com','769-818-5195','B','N',2.7);
Insert into STUDENT (UTEID,FIRST_NAME,MIDDLE_NAME,LAST_NAME,DATE_OF_BIRTH,CLASSIFICATION,EMAIL,PHONE,PRIMARY_COLLEGE_CODE,INTERNATIONAL_FLAG,CGPA) values ('MD475','Marina',null,'Di Claudio',to_date('12-SEP-03','DD-MON-RR'),'2','mdiclaudioqr@loc.gov','164-535-2893','B','N',3);
Insert into STUDENT (UTEID,FIRST_NAME,MIDDLE_NAME,LAST_NAME,DATE_OF_BIRTH,CLASSIFICATION,EMAIL,PHONE,PRIMARY_COLLEGE_CODE,INTERNATIONAL_FLAG,CGPA) values ('MF752','Merissa',null,'Fosken',to_date('06-DEC-05','DD-MON-RR'),'4','mfoskenqu@dot.gov','134-979-8618','B','N',3.5);
Insert into STUDENT (UTEID,FIRST_NAME,MIDDLE_NAME,LAST_NAME,DATE_OF_BIRTH,CLASSIFICATION,EMAIL,PHONE,PRIMARY_COLLEGE_CODE,INTERNATIONAL_FLAG,CGPA) values ('AGB8845','Abran','G','Busst',to_date('25-AUG-05','DD-MON-RR'),'2','abusstqw@smugmug.com','255-270-6804','B','N',3.6);
Insert into STUDENT (UTEID,FIRST_NAME,MIDDLE_NAME,LAST_NAME,DATE_OF_BIRTH,CLASSIFICATION,EMAIL,PHONE,PRIMARY_COLLEGE_CODE,INTERNATIONAL_FLAG,CGPA) values ('SRD8635','Seumas','R','De La Salle',to_date('05-JAN-02','DD-MON-RR'),'1','sdelasalleqz@yahoo.com','827-824-0830','B','N',3.7);
Insert into STUDENT (UTEID,FIRST_NAME,MIDDLE_NAME,LAST_NAME,DATE_OF_BIRTH,CLASSIFICATION,EMAIL,PHONE,PRIMARY_COLLEGE_CODE,INTERNATIONAL_FLAG,CGPA) values ('PPT8644','Pip','P','Treffry',to_date('06-OCT-00','DD-MON-RR'),'4','ptreffryr3@google.pl','320-551-7933','B','N',3.9);
Insert into STUDENT (UTEID,FIRST_NAME,MIDDLE_NAME,LAST_NAME,DATE_OF_BIRTH,CLASSIFICATION,EMAIL,PHONE,PRIMARY_COLLEGE_CODE,INTERNATIONAL_FLAG,CGPA) values ('AGE2618','Antonius','G','Eck',to_date('05-DEC-02','DD-MON-RR'),'4','aeckr4@desdev.cn','214-960-3510','B','N',2.2);
Insert into STUDENT (UTEID,FIRST_NAME,MIDDLE_NAME,LAST_NAME,DATE_OF_BIRTH,CLASSIFICATION,EMAIL,PHONE,PRIMARY_COLLEGE_CODE,INTERNATIONAL_FLAG,CGPA) values ('TIH4353','Thatcher','I','Hame',to_date('24-JUL-02','DD-MON-RR'),'4','thamer6@indiatimes.com','645-329-6852','B','N',2.2);
Insert into STUDENT (UTEID,FIRST_NAME,MIDDLE_NAME,LAST_NAME,DATE_OF_BIRTH,CLASSIFICATION,EMAIL,PHONE,PRIMARY_COLLEGE_CODE,INTERNATIONAL_FLAG,CGPA) values ('CWP4881','Chucho','W','Preskett',to_date('07-OCT-01','DD-MON-RR'),'3','cpreskettr7@printfriendly.com','511-683-3196','B','N',3.1);
Insert into STUDENT (UTEID,FIRST_NAME,MIDDLE_NAME,LAST_NAME,DATE_OF_BIRTH,CLASSIFICATION,EMAIL,PHONE,PRIMARY_COLLEGE_CODE,INTERNATIONAL_FLAG,CGPA) values ('OE8609','Orson',null,'Entwistle',to_date('01-JAN-03','DD-MON-RR'),'3','oentwistler9@xinhuanet.com','751-429-9588','B','N',3);
Insert into STUDENT (UTEID,FIRST_NAME,MIDDLE_NAME,LAST_NAME,DATE_OF_BIRTH,CLASSIFICATION,EMAIL,PHONE,PRIMARY_COLLEGE_CODE,INTERNATIONAL_FLAG,CGPA) values ('MIG4064','Maureen','I','Garrals',to_date('10-APR-00','DD-MON-RR'),'2','mgarralsrd@mayoclinic.com','972-715-5410','B','N',3.2);
Insert into STUDENT (UTEID,FIRST_NAME,MIDDLE_NAME,LAST_NAME,DATE_OF_BIRTH,CLASSIFICATION,EMAIL,PHONE,PRIMARY_COLLEGE_CODE,INTERNATIONAL_FLAG,CGPA) values ('CL5219','Cicily',null,'Larman',to_date('12-JUL-02','DD-MON-RR'),'3','clarmanrg@fda.gov','439-647-1160','B','N',3.5);
Insert into STUDENT (UTEID,FIRST_NAME,MIDDLE_NAME,LAST_NAME,DATE_OF_BIRTH,CLASSIFICATION,EMAIL,PHONE,PRIMARY_COLLEGE_CODE,INTERNATIONAL_FLAG,CGPA) values ('RT5607','Reinaldos',null,'Tomczak',to_date('28-AUG-01','DD-MON-RR'),'3','rtomczakri@cornell.edu','855-180-8867','B','N',3.6);
Insert into STUDENT (UTEID,FIRST_NAME,MIDDLE_NAME,LAST_NAME,DATE_OF_BIRTH,CLASSIFICATION,EMAIL,PHONE,PRIMARY_COLLEGE_CODE,INTERNATIONAL_FLAG,CGPA) values ('SNB5024','Sig','N','Ballin',to_date('26-NOV-01','DD-MON-RR'),'2','sballinrj@soup.io','704-318-5933','B','N',3);
Insert into STUDENT (UTEID,FIRST_NAME,MIDDLE_NAME,LAST_NAME,DATE_OF_BIRTH,CLASSIFICATION,EMAIL,PHONE,PRIMARY_COLLEGE_CODE,INTERNATIONAL_FLAG,CGPA) values ('HUS2085','Halley','U','Savine',to_date('29-JAN-01','DD-MON-RR'),'3','hsavinern@myspace.com','642-192-7639','B','N',2.9);
Insert into STUDENT (UTEID,FIRST_NAME,MIDDLE_NAME,LAST_NAME,DATE_OF_BIRTH,CLASSIFICATION,EMAIL,PHONE,PRIMARY_COLLEGE_CODE,INTERNATIONAL_FLAG,CGPA) values ('DFM831','Dennet','F','Marques',to_date('23-OCT-00','DD-MON-RR'),'3','dmarquesro@ftc.gov','903-504-1015','B','N',3.8);
Insert into STUDENT (UTEID,FIRST_NAME,MIDDLE_NAME,LAST_NAME,DATE_OF_BIRTH,CLASSIFICATION,EMAIL,PHONE,PRIMARY_COLLEGE_CODE,INTERNATIONAL_FLAG,CGPA) values ('KHT8834','Kendrick','H','Treven',to_date('22-MAR-04','DD-MON-RR'),'2','ktrevenp3@e-recht24.de','912-728-7223','E','N',4);
Insert into STUDENT (UTEID,FIRST_NAME,MIDDLE_NAME,LAST_NAME,DATE_OF_BIRTH,CLASSIFICATION,EMAIL,PHONE,PRIMARY_COLLEGE_CODE,INTERNATIONAL_FLAG,CGPA) values ('BBS7723','Brennen','B','Saull',to_date('28-AUG-00','DD-MON-RR'),'2','bsaullp4@github.io','663-263-4881','E','N',4);
Insert into STUDENT (UTEID,FIRST_NAME,MIDDLE_NAME,LAST_NAME,DATE_OF_BIRTH,CLASSIFICATION,EMAIL,PHONE,PRIMARY_COLLEGE_CODE,INTERNATIONAL_FLAG,CGPA) values ('HXC8739','Y?m','X','Cheung',to_date('07-JUL-97','DD-MON-RR'),'G','ycheung@statcounter.com','898-471-1394','E','Y',3.8);
Insert into STUDENT (UTEID,FIRST_NAME,MIDDLE_NAME,LAST_NAME,DATE_OF_BIRTH,CLASSIFICATION,EMAIL,PHONE,PRIMARY_COLLEGE_CODE,INTERNATIONAL_FLAG,CGPA) values ('LIE698','Lindi','I','Englefield',to_date('23-SEP-00','DD-MON-RR'),'3','lenglefieldpb@alexa.com','897-225-9429','E','N',3.7);
Insert into STUDENT (UTEID,FIRST_NAME,MIDDLE_NAME,LAST_NAME,DATE_OF_BIRTH,CLASSIFICATION,EMAIL,PHONE,PRIMARY_COLLEGE_CODE,INTERNATIONAL_FLAG,CGPA) values ('DJD5383','Dosi','J','Delany',to_date('03-JUN-00','DD-MON-RR'),'1','ddelanypc@apple.com','301-919-2754','E','N',4);
Insert into STUDENT (UTEID,FIRST_NAME,MIDDLE_NAME,LAST_NAME,DATE_OF_BIRTH,CLASSIFICATION,EMAIL,PHONE,PRIMARY_COLLEGE_CODE,INTERNATIONAL_FLAG,CGPA) values ('CS5222','Coleman',null,'Spurriar',to_date('22-FEB-02','DD-MON-RR'),'1','cspurriarpg@forbes.com','326-584-2601','E','N',4);
Insert into STUDENT (UTEID,FIRST_NAME,MIDDLE_NAME,LAST_NAME,DATE_OF_BIRTH,CLASSIFICATION,EMAIL,PHONE,PRIMARY_COLLEGE_CODE,INTERNATIONAL_FLAG,CGPA) values ('GCH8371','Griffin','C','Hainsworth',to_date('16-JUN-05','DD-MON-RR'),'1','ghainsworthph@yandex.ru','800-357-6043','E','N',4);
Insert into STUDENT (UTEID,FIRST_NAME,MIDDLE_NAME,LAST_NAME,DATE_OF_BIRTH,CLASSIFICATION,EMAIL,PHONE,PRIMARY_COLLEGE_CODE,INTERNATIONAL_FLAG,CGPA) values ('MRB3622','Minnie','R','Bode',to_date('07-NOV-02','DD-MON-RR'),'3','mbodepo@imdb.com','741-474-2391','E','N',3.4);
Insert into STUDENT (UTEID,FIRST_NAME,MIDDLE_NAME,LAST_NAME,DATE_OF_BIRTH,CLASSIFICATION,EMAIL,PHONE,PRIMARY_COLLEGE_CODE,INTERNATIONAL_FLAG,CGPA) values ('ATP1691','Adara','T','Paula',to_date('02-JUN-05','DD-MON-RR'),'4','apaulaps@businessweek.com','569-367-9985','E','N',2.2);
Insert into STUDENT (UTEID,FIRST_NAME,MIDDLE_NAME,LAST_NAME,DATE_OF_BIRTH,CLASSIFICATION,EMAIL,PHONE,PRIMARY_COLLEGE_CODE,INTERNATIONAL_FLAG,CGPA) values ('WB4141','Waiter',null,'Buckner',to_date('18-NOV-02','DD-MON-RR'),'1','wbucknerpw@businessweek.com','127-561-6063','E','N',4);
Insert into STUDENT (UTEID,FIRST_NAME,MIDDLE_NAME,LAST_NAME,DATE_OF_BIRTH,CLASSIFICATION,EMAIL,PHONE,PRIMARY_COLLEGE_CODE,INTERNATIONAL_FLAG,CGPA) values ('LC2821','Loreen',null,'Chalmers',to_date('31-JAN-02','DD-MON-RR'),'3','lchalmerspz@elpais.com','614-193-6758','E','N',3.9);
Insert into STUDENT (UTEID,FIRST_NAME,MIDDLE_NAME,LAST_NAME,DATE_OF_BIRTH,CLASSIFICATION,EMAIL,PHONE,PRIMARY_COLLEGE_CODE,INTERNATIONAL_FLAG,CGPA) values ('ALB739','Alix','L','Blankenship',to_date('31-MAR-02','DD-MON-RR'),'3','ablankenshipq0@wsj.com','414-147-2329','E','N',3);
Insert into STUDENT (UTEID,FIRST_NAME,MIDDLE_NAME,LAST_NAME,DATE_OF_BIRTH,CLASSIFICATION,EMAIL,PHONE,PRIMARY_COLLEGE_CODE,INTERNATIONAL_FLAG,CGPA) values ('VB3012','Verge',null,'Bordis',to_date('10-APR-01','DD-MON-RR'),'2','vbordisq1@squidoo.com','164-242-5525','E','N',4);
Insert into STUDENT (UTEID,FIRST_NAME,MIDDLE_NAME,LAST_NAME,DATE_OF_BIRTH,CLASSIFICATION,EMAIL,PHONE,PRIMARY_COLLEGE_CODE,INTERNATIONAL_FLAG,CGPA) values ('PVC5380','Preston','V','Cowperthwaite',to_date('26-DEC-05','DD-MON-RR'),'1','pcowperthwaiteq2@ox.ac.uk','415-677-2525','E','N',4);
Insert into STUDENT (UTEID,FIRST_NAME,MIDDLE_NAME,LAST_NAME,DATE_OF_BIRTH,CLASSIFICATION,EMAIL,PHONE,PRIMARY_COLLEGE_CODE,INTERNATIONAL_FLAG,CGPA) values ('ZD226','Zonda',null,'Dimmick',to_date('23-APR-03','DD-MON-RR'),'1','zdimmickq3@toplist.cz','548-279-8865','E','N',3.6);
Insert into STUDENT (UTEID,FIRST_NAME,MIDDLE_NAME,LAST_NAME,DATE_OF_BIRTH,CLASSIFICATION,EMAIL,PHONE,PRIMARY_COLLEGE_CODE,INTERNATIONAL_FLAG,CGPA) values ('DM7276','Darcey',null,'Minchenton',to_date('06-FEB-01','DD-MON-RR'),'3','dminchentonqb@ow.ly','346-547-8085','E','N',3.8);
Insert into STUDENT (UTEID,FIRST_NAME,MIDDLE_NAME,LAST_NAME,DATE_OF_BIRTH,CLASSIFICATION,EMAIL,PHONE,PRIMARY_COLLEGE_CODE,INTERNATIONAL_FLAG,CGPA) values ('BSD1974','Bud','S','Donohue',to_date('27-APR-01','DD-MON-RR'),'2','bdonohueqf@msu.edu','655-603-0099','E','N',3.2);
Insert into STUDENT (UTEID,FIRST_NAME,MIDDLE_NAME,LAST_NAME,DATE_OF_BIRTH,CLASSIFICATION,EMAIL,PHONE,PRIMARY_COLLEGE_CODE,INTERNATIONAL_FLAG,CGPA) values ('BDS8882','Burl','D','Scobie',to_date('23-OCT-03','DD-MON-RR'),'4','bscobieqg@twitter.com','252-425-9543','E','N',2.7);
Insert into STUDENT (UTEID,FIRST_NAME,MIDDLE_NAME,LAST_NAME,DATE_OF_BIRTH,CLASSIFICATION,EMAIL,PHONE,PRIMARY_COLLEGE_CODE,INTERNATIONAL_FLAG,CGPA) values ('ARS2860','Ardelia','R','Seeger',to_date('29-NOV-05','DD-MON-RR'),'1','aseegerqi@nsw.gov.au','808-891-9413','E','N',3.5);
Insert into STUDENT (UTEID,FIRST_NAME,MIDDLE_NAME,LAST_NAME,DATE_OF_BIRTH,CLASSIFICATION,EMAIL,PHONE,PRIMARY_COLLEGE_CODE,INTERNATIONAL_FLAG,CGPA) values ('CGA4872','Consuela','G','Amaya',to_date('21-OCT-01','DD-MON-RR'),'4','camayaqj@prlog.org','272-303-5495','E','N',2.7);
Insert into STUDENT (UTEID,FIRST_NAME,MIDDLE_NAME,LAST_NAME,DATE_OF_BIRTH,CLASSIFICATION,EMAIL,PHONE,PRIMARY_COLLEGE_CODE,INTERNATIONAL_FLAG,CGPA) values ('MD2262','Maxy',null,'Delatour',to_date('25-JAN-01','DD-MON-RR'),'4','mdelatourqm@army.mil','148-415-4710','E','N',2.7);
Insert into STUDENT (UTEID,FIRST_NAME,MIDDLE_NAME,LAST_NAME,DATE_OF_BIRTH,CLASSIFICATION,EMAIL,PHONE,PRIMARY_COLLEGE_CODE,INTERNATIONAL_FLAG,CGPA) values ('AIK5362','Anselm','I','Kinver',to_date('15-DEC-00','DD-MON-RR'),'1','akinverqn@about.me','764-433-0344','E','N',3.7);
Insert into STUDENT (UTEID,FIRST_NAME,MIDDLE_NAME,LAST_NAME,DATE_OF_BIRTH,CLASSIFICATION,EMAIL,PHONE,PRIMARY_COLLEGE_CODE,INTERNATIONAL_FLAG,CGPA) values ('KS205','Katie',null,'Swanson',to_date('03-AUG-90','DD-MON-RR'),'P','kswansonqp@networkadvertising.org','818-945-2127','E','Y',3.51);
Insert into STUDENT (UTEID,FIRST_NAME,MIDDLE_NAME,LAST_NAME,DATE_OF_BIRTH,CLASSIFICATION,EMAIL,PHONE,PRIMARY_COLLEGE_CODE,INTERNATIONAL_FLAG,CGPA) values ('RV3222','Rorie',null,'Vials',to_date('11-JUN-05','DD-MON-RR'),'2','rvialsqq@paypal.com','853-583-1376','E','N',3.9);
Insert into STUDENT (UTEID,FIRST_NAME,MIDDLE_NAME,LAST_NAME,DATE_OF_BIRTH,CLASSIFICATION,EMAIL,PHONE,PRIMARY_COLLEGE_CODE,INTERNATIONAL_FLAG,CGPA) values ('EWW1557','Elmore','W','Wilcher',to_date('22-APR-05','DD-MON-RR'),'1','ewilcherqt@google.com.au','505-335-5606','E','N',3.8);
Insert into STUDENT (UTEID,FIRST_NAME,MIDDLE_NAME,LAST_NAME,DATE_OF_BIRTH,CLASSIFICATION,EMAIL,PHONE,PRIMARY_COLLEGE_CODE,INTERNATIONAL_FLAG,CGPA) values ('PIS7306','Prescott','I','Slavin',to_date('23-FEB-05','DD-MON-RR'),'3','pslavinqv@deliciousdays.com','325-532-7794','E','N',3.5);
Insert into STUDENT (UTEID,FIRST_NAME,MIDDLE_NAME,LAST_NAME,DATE_OF_BIRTH,CLASSIFICATION,EMAIL,PHONE,PRIMARY_COLLEGE_CODE,INTERNATIONAL_FLAG,CGPA) values ('RNS2736','Rora','N','Shillitoe',to_date('20-MAY-05','DD-MON-RR'),'2','rshillitoeqx@apache.org','190-343-5534','E','N',3.8);
Insert into STUDENT (UTEID,FIRST_NAME,MIDDLE_NAME,LAST_NAME,DATE_OF_BIRTH,CLASSIFICATION,EMAIL,PHONE,PRIMARY_COLLEGE_CODE,INTERNATIONAL_FLAG,CGPA) values ('FXJ5022','Fidela','X','Josofovitz',to_date('07-MAY-01','DD-MON-RR'),'4','fjosofovitzr0@weather.com','726-199-1725','E','N',2.5);
Insert into STUDENT (UTEID,FIRST_NAME,MIDDLE_NAME,LAST_NAME,DATE_OF_BIRTH,CLASSIFICATION,EMAIL,PHONE,PRIMARY_COLLEGE_CODE,INTERNATIONAL_FLAG,CGPA) values ('RIR4875','Reuben','I','Ryson',to_date('20-APR-05','DD-MON-RR'),'1','rrysonr1@xing.com','425-797-2065','E','N',3.9);
Insert into STUDENT (UTEID,FIRST_NAME,MIDDLE_NAME,LAST_NAME,DATE_OF_BIRTH,CLASSIFICATION,EMAIL,PHONE,PRIMARY_COLLEGE_CODE,INTERNATIONAL_FLAG,CGPA) values ('MWB1058','Moises','W','Bohling',to_date('27-MAY-03','DD-MON-RR'),'2','mbohlingr2@irs.gov','213-397-4967','E','N',3.7);
Insert into STUDENT (UTEID,FIRST_NAME,MIDDLE_NAME,LAST_NAME,DATE_OF_BIRTH,CLASSIFICATION,EMAIL,PHONE,PRIMARY_COLLEGE_CODE,INTERNATIONAL_FLAG,CGPA) values ('NPW3829','Noelle','P','Wooton',to_date('19-MAY-01','DD-MON-RR'),'3','nwootonra@ft.com','189-591-5385','E','N',3.5);
Insert into STUDENT (UTEID,FIRST_NAME,MIDDLE_NAME,LAST_NAME,DATE_OF_BIRTH,CLASSIFICATION,EMAIL,PHONE,PRIMARY_COLLEGE_CODE,INTERNATIONAL_FLAG,CGPA) values ('EEC1049','Erinn','E','Clawe',to_date('20-SEP-05','DD-MON-RR'),'4','eclawerb@gravatar.com','110-602-5824','E','N',3);
Insert into STUDENT (UTEID,FIRST_NAME,MIDDLE_NAME,LAST_NAME,DATE_OF_BIRTH,CLASSIFICATION,EMAIL,PHONE,PRIMARY_COLLEGE_CODE,INTERNATIONAL_FLAG,CGPA) values ('GHA905','Gale','H','Henkmann',to_date('27-SEP-01','DD-MON-RR'),'3','galgaterc@amazonaws.com','874-640-4652','E','N',3.7);
Insert into STUDENT (UTEID,FIRST_NAME,MIDDLE_NAME,LAST_NAME,DATE_OF_BIRTH,CLASSIFICATION,EMAIL,PHONE,PRIMARY_COLLEGE_CODE,INTERNATIONAL_FLAG,CGPA) values ('CEM7954','Cassaundra','E','MacGorrie',to_date('03-JAN-03','DD-MON-RR'),'4','cmacgorrierf@themeforest.net','642-524-8328','E','N',3.2);
Insert into STUDENT (UTEID,FIRST_NAME,MIDDLE_NAME,LAST_NAME,DATE_OF_BIRTH,CLASSIFICATION,EMAIL,PHONE,PRIMARY_COLLEGE_CODE,INTERNATIONAL_FLAG,CGPA) values ('RH6451','Rock',null,'Hinnerk',to_date('28-JAN-02','DD-MON-RR'),'3','rhinnerkrk@foxnews.com','431-343-1622','E','N',2.8);
Insert into STUDENT (UTEID,FIRST_NAME,MIDDLE_NAME,LAST_NAME,DATE_OF_BIRTH,CLASSIFICATION,EMAIL,PHONE,PRIMARY_COLLEGE_CODE,INTERNATIONAL_FLAG,CGPA) values ('DMD8519','Drud','M','Disbury',to_date('01-FEB-05','DD-MON-RR'),'4','ddisburyrm@mysql.com','290-153-5638','E','N',3.3);
Insert into STUDENT (UTEID,FIRST_NAME,MIDDLE_NAME,LAST_NAME,DATE_OF_BIRTH,CLASSIFICATION,EMAIL,PHONE,PRIMARY_COLLEGE_CODE,INTERNATIONAL_FLAG,CGPA) values ('FUA1806','Fonz','U','Allwell',to_date('30-MAY-04','DD-MON-RR'),'2','fallwellrp@discuz.net','814-579-6561','E','N',2.6);
Insert into STUDENT (UTEID,FIRST_NAME,MIDDLE_NAME,LAST_NAME,DATE_OF_BIRTH,CLASSIFICATION,EMAIL,PHONE,PRIMARY_COLLEGE_CODE,INTERNATIONAL_FLAG,CGPA) values ('ASS4987','Alvira','S','Samwaye',to_date('18-NOV-01','DD-MON-RR'),'2','asamwayerq@parallels.com','432-878-3657','E','N',2.8);
Insert into STUDENT (UTEID,FIRST_NAME,MIDDLE_NAME,LAST_NAME,DATE_OF_BIRTH,CLASSIFICATION,EMAIL,PHONE,PRIMARY_COLLEGE_CODE,INTERNATIONAL_FLAG,CGPA) values ('SD7443','Shell',null,'De Cristoforo',to_date('12-SEP-04','DD-MON-RR'),'4','sdecristofororr@mac.com','972-921-9912','E','N',2.3);
Insert into STUDENT (UTEID,FIRST_NAME,MIDDLE_NAME,LAST_NAME,DATE_OF_BIRTH,CLASSIFICATION,EMAIL,PHONE,PRIMARY_COLLEGE_CODE,INTERNATIONAL_FLAG,CGPA) values ('GIB2079','Gustaf','I','Bontine',to_date('06-AUG-02','DD-MON-RR'),'3','gbontinep1@deliciousdays.com','883-851-5478','I','N',4);
Insert into STUDENT (UTEID,FIRST_NAME,MIDDLE_NAME,LAST_NAME,DATE_OF_BIRTH,CLASSIFICATION,EMAIL,PHONE,PRIMARY_COLLEGE_CODE,INTERNATIONAL_FLAG,CGPA) values ('FS4362','Ferrel',null,'Shutt',to_date('22-JUN-02','DD-MON-RR'),'1','fshuttp8@dion.ne.jp','753-310-2060','I','N',4);
Insert into STUDENT (UTEID,FIRST_NAME,MIDDLE_NAME,LAST_NAME,DATE_OF_BIRTH,CLASSIFICATION,EMAIL,PHONE,PRIMARY_COLLEGE_CODE,INTERNATIONAL_FLAG,CGPA) values ('SXH6677','Salomon','X','Hansie',to_date('24-AUG-03','DD-MON-RR'),'4','shansiepf@hugedomains.com','859-364-3561','I','N',2.7);
Insert into STUDENT (UTEID,FIRST_NAME,MIDDLE_NAME,LAST_NAME,DATE_OF_BIRTH,CLASSIFICATION,EMAIL,PHONE,PRIMARY_COLLEGE_CODE,INTERNATIONAL_FLAG,CGPA) values ('CUT1308','Carlita','U','Thaim',to_date('10-DEC-03','DD-MON-RR'),'2','cthaimpp@sourceforge.net','616-845-8512','I','N',4);
Insert into STUDENT (UTEID,FIRST_NAME,MIDDLE_NAME,LAST_NAME,DATE_OF_BIRTH,CLASSIFICATION,EMAIL,PHONE,PRIMARY_COLLEGE_CODE,INTERNATIONAL_FLAG,CGPA) values ('KB4424','Kyla',null,'Bottrell',to_date('13-MAR-04','DD-MON-RR'),'1','kbottrellpr@businessinsider.com','718-525-6209','I','N',4);
Insert into STUDENT (UTEID,FIRST_NAME,MIDDLE_NAME,LAST_NAME,DATE_OF_BIRTH,CLASSIFICATION,EMAIL,PHONE,PRIMARY_COLLEGE_CODE,INTERNATIONAL_FLAG,CGPA) values ('AS1876','Alys',null,'Gunner',to_date('18-JAN-01','DD-MON-RR'),'1','aseivertsenq7@goo.gl','855-438-1817','I','N',3.5);
Insert into STUDENT (UTEID,FIRST_NAME,MIDDLE_NAME,LAST_NAME,DATE_OF_BIRTH,CLASSIFICATION,EMAIL,PHONE,PRIMARY_COLLEGE_CODE,INTERNATIONAL_FLAG,CGPA) values ('VS5659','Verene',null,'Soff',to_date('04-SEP-00','DD-MON-RR'),'3','vsoffqs@live.com','955-864-4493','I','N',3.1);
Insert into STUDENT (UTEID,FIRST_NAME,MIDDLE_NAME,LAST_NAME,DATE_OF_BIRTH,CLASSIFICATION,EMAIL,PHONE,PRIMARY_COLLEGE_CODE,INTERNATIONAL_FLAG,CGPA) values ('KMF6130','Katerina','M','Faussett',to_date('21-MAY-04','DD-MON-RR'),'1','kfaussettqy@wp.com','436-668-5792','I','N',3.5);
Insert into STUDENT (UTEID,FIRST_NAME,MIDDLE_NAME,LAST_NAME,DATE_OF_BIRTH,CLASSIFICATION,EMAIL,PHONE,PRIMARY_COLLEGE_CODE,INTERNATIONAL_FLAG,CGPA) values ('HCL7626','Prabhudev','C','Patel',to_date('28-FEB-95','DD-MON-RR'),'G','ppatel193783@google.com.in','605-889-6403','I','Y',3.7);
Insert into STUDENT (UTEID,FIRST_NAME,MIDDLE_NAME,LAST_NAME,DATE_OF_BIRTH,CLASSIFICATION,EMAIL,PHONE,PRIMARY_COLLEGE_CODE,INTERNATIONAL_FLAG,CGPA) values ('DGD2491','Derek','G','De Vaan',to_date('01-JUL-05','DD-MON-RR'),'2','ddevaanr8@virginia.edu','182-550-0376','I','N',3.6);
Insert into STUDENT (UTEID,FIRST_NAME,MIDDLE_NAME,LAST_NAME,DATE_OF_BIRTH,CLASSIFICATION,EMAIL,PHONE,PRIMARY_COLLEGE_CODE,INTERNATIONAL_FLAG,CGPA) values ('WGB5563','Wilow','G','Balducci',to_date('19-NOV-00','DD-MON-RR'),'1','wbalduccire@lycos.com','187-136-3037','I','N',3.7);
Insert into STUDENT (UTEID,FIRST_NAME,MIDDLE_NAME,LAST_NAME,DATE_OF_BIRTH,CLASSIFICATION,EMAIL,PHONE,PRIMARY_COLLEGE_CODE,INTERNATIONAL_FLAG,CGPA) values ('BM7466','Bartlett',null,'Melledy',to_date('14-JUN-05','DD-MON-RR'),'3','bmelledyrh@cbsnews.com','421-160-0097','I','N',3);
Insert into STUDENT (UTEID,FIRST_NAME,MIDDLE_NAME,LAST_NAME,DATE_OF_BIRTH,CLASSIFICATION,EMAIL,PHONE,PRIMARY_COLLEGE_CODE,INTERNATIONAL_FLAG,CGPA) values ('IQE5747','Irwin','Q','Edlyne',to_date('05-NOV-02','DD-MON-RR'),'2','iedlynerl@comcast.net','381-419-3492','I','N',3.5);
Insert into STUDENT (UTEID,FIRST_NAME,MIDDLE_NAME,LAST_NAME,DATE_OF_BIRTH,CLASSIFICATION,EMAIL,PHONE,PRIMARY_COLLEGE_CODE,INTERNATIONAL_FLAG,CGPA) values ('VPS2528','Veronique','P','Skellion',to_date('23-JUN-80','DD-MON-RR'),'C','vskellionpi@usgs.gov','290-112-4584','X','N',3.9);
Insert into STUDENT (UTEID,FIRST_NAME,MIDDLE_NAME,LAST_NAME,DATE_OF_BIRTH,CLASSIFICATION,EMAIL,PHONE,PRIMARY_COLLEGE_CODE,INTERNATIONAL_FLAG,CGPA) values ('ZBM3504','Zed','B','Miguel',to_date('24-MAR-83','DD-MON-RR'),'C','zmiguelqo@elpais.com','625-424-3870','X','N',4);
 


-- Insert STUDENT_ADDRESS_LINKING records
Insert into STUDENT_ADDRESS_LINKING (UTEID,ADDRESS_ID,ADDRESS_TYPE_CODE) values ('AGB8845',68,'H');
Insert into STUDENT_ADDRESS_LINKING (UTEID,ADDRESS_ID,ADDRESS_TYPE_CODE) values ('AGB8845',167,'L');
Insert into STUDENT_ADDRESS_LINKING (UTEID,ADDRESS_ID,ADDRESS_TYPE_CODE) values ('AGE2618',76,'H');
Insert into STUDENT_ADDRESS_LINKING (UTEID,ADDRESS_ID,ADDRESS_TYPE_CODE) values ('AGE2618',175,'L');
Insert into STUDENT_ADDRESS_LINKING (UTEID,ADDRESS_ID,ADDRESS_TYPE_CODE) values ('AIK5362',59,'H');
Insert into STUDENT_ADDRESS_LINKING (UTEID,ADDRESS_ID,ADDRESS_TYPE_CODE) values ('AIK5362',158,'L');
Insert into STUDENT_ADDRESS_LINKING (UTEID,ADDRESS_ID,ADDRESS_TYPE_CODE) values ('ALB739',36,'H');
Insert into STUDENT_ADDRESS_LINKING (UTEID,ADDRESS_ID,ADDRESS_TYPE_CODE) values ('ALB739',135,'L');
Insert into STUDENT_ADDRESS_LINKING (UTEID,ADDRESS_ID,ADDRESS_TYPE_CODE) values ('AOP5181',53,'H');
Insert into STUDENT_ADDRESS_LINKING (UTEID,ADDRESS_ID,ADDRESS_TYPE_CODE) values ('AOP5181',152,'L');
Insert into STUDENT_ADDRESS_LINKING (UTEID,ADDRESS_ID,ADDRESS_TYPE_CODE) values ('ARS2860',54,'H');
Insert into STUDENT_ADDRESS_LINKING (UTEID,ADDRESS_ID,ADDRESS_TYPE_CODE) values ('ARS2860',153,'L');
Insert into STUDENT_ADDRESS_LINKING (UTEID,ADDRESS_ID,ADDRESS_TYPE_CODE) values ('AS1876',7,'H');
Insert into STUDENT_ADDRESS_LINKING (UTEID,ADDRESS_ID,ADDRESS_TYPE_CODE) values ('AS1876',142,'L');
Insert into STUDENT_ADDRESS_LINKING (UTEID,ADDRESS_ID,ADDRESS_TYPE_CODE) values ('ASS4987',98,'H');
Insert into STUDENT_ADDRESS_LINKING (UTEID,ADDRESS_ID,ADDRESS_TYPE_CODE) values ('ASS4987',197,'L');
Insert into STUDENT_ADDRESS_LINKING (UTEID,ADDRESS_ID,ADDRESS_TYPE_CODE) values ('ATP1691',28,'H');
Insert into STUDENT_ADDRESS_LINKING (UTEID,ADDRESS_ID,ADDRESS_TYPE_CODE) values ('ATP1691',127,'L');
Insert into STUDENT_ADDRESS_LINKING (UTEID,ADDRESS_ID,ADDRESS_TYPE_CODE) values ('BBS7723',4,'H');
Insert into STUDENT_ADDRESS_LINKING (UTEID,ADDRESS_ID,ADDRESS_TYPE_CODE) values ('BBS7723',103,'L');
Insert into STUDENT_ADDRESS_LINKING (UTEID,ADDRESS_ID,ADDRESS_TYPE_CODE) values ('BDS8882',52,'H');
Insert into STUDENT_ADDRESS_LINKING (UTEID,ADDRESS_ID,ADDRESS_TYPE_CODE) values ('BDS8882',151,'L');
Insert into STUDENT_ADDRESS_LINKING (UTEID,ADDRESS_ID,ADDRESS_TYPE_CODE) values ('BM7466',89,'H');
Insert into STUDENT_ADDRESS_LINKING (UTEID,ADDRESS_ID,ADDRESS_TYPE_CODE) values ('BM7466',188,'L');
Insert into STUDENT_ADDRESS_LINKING (UTEID,ADDRESS_ID,ADDRESS_TYPE_CODE) values ('BSD1974',51,'H');
Insert into STUDENT_ADDRESS_LINKING (UTEID,ADDRESS_ID,ADDRESS_TYPE_CODE) values ('BSD1974',150,'L');
Insert into STUDENT_ADDRESS_LINKING (UTEID,ADDRESS_ID,ADDRESS_TYPE_CODE) values ('BWM2884',46,'H');
Insert into STUDENT_ADDRESS_LINKING (UTEID,ADDRESS_ID,ADDRESS_TYPE_CODE) values ('BWM2884',145,'L');
Insert into STUDENT_ADDRESS_LINKING (UTEID,ADDRESS_ID,ADDRESS_TYPE_CODE) values ('CEM7954',87,'H');
Insert into STUDENT_ADDRESS_LINKING (UTEID,ADDRESS_ID,ADDRESS_TYPE_CODE) values ('CEM7954',186,'L');
Insert into STUDENT_ADDRESS_LINKING (UTEID,ADDRESS_ID,ADDRESS_TYPE_CODE) values ('CGA4872',55,'H');
Insert into STUDENT_ADDRESS_LINKING (UTEID,ADDRESS_ID,ADDRESS_TYPE_CODE) values ('CGA4872',154,'L');
Insert into STUDENT_ADDRESS_LINKING (UTEID,ADDRESS_ID,ADDRESS_TYPE_CODE) values ('CJO7133',2,'H');
Insert into STUDENT_ADDRESS_LINKING (UTEID,ADDRESS_ID,ADDRESS_TYPE_CODE) values ('CJO7133',101,'L');
Insert into STUDENT_ADDRESS_LINKING (UTEID,ADDRESS_ID,ADDRESS_TYPE_CODE) values ('CL5219',88,'H');
Insert into STUDENT_ADDRESS_LINKING (UTEID,ADDRESS_ID,ADDRESS_TYPE_CODE) values ('CL5219',187,'L');
Insert into STUDENT_ADDRESS_LINKING (UTEID,ADDRESS_ID,ADDRESS_TYPE_CODE) values ('CLG3296',7,'H');
Insert into STUDENT_ADDRESS_LINKING (UTEID,ADDRESS_ID,ADDRESS_TYPE_CODE) values ('CLG3296',106,'L');
Insert into STUDENT_ADDRESS_LINKING (UTEID,ADDRESS_ID,ADDRESS_TYPE_CODE) values ('CS5222',16,'H');
Insert into STUDENT_ADDRESS_LINKING (UTEID,ADDRESS_ID,ADDRESS_TYPE_CODE) values ('CS5222',115,'L');
Insert into STUDENT_ADDRESS_LINKING (UTEID,ADDRESS_ID,ADDRESS_TYPE_CODE) values ('CUT1308',25,'H');
Insert into STUDENT_ADDRESS_LINKING (UTEID,ADDRESS_ID,ADDRESS_TYPE_CODE) values ('CUT1308',124,'L');
Insert into STUDENT_ADDRESS_LINKING (UTEID,ADDRESS_ID,ADDRESS_TYPE_CODE) values ('CWM5042',22,'H');
Insert into STUDENT_ADDRESS_LINKING (UTEID,ADDRESS_ID,ADDRESS_TYPE_CODE) values ('CWM5042',100,'L');
Insert into STUDENT_ADDRESS_LINKING (UTEID,ADDRESS_ID,ADDRESS_TYPE_CODE) values ('CWP4881',79,'H');
Insert into STUDENT_ADDRESS_LINKING (UTEID,ADDRESS_ID,ADDRESS_TYPE_CODE) values ('CWP4881',155,'L');
Insert into STUDENT_ADDRESS_LINKING (UTEID,ADDRESS_ID,ADDRESS_TYPE_CODE) values ('DFM831',96,'H');
Insert into STUDENT_ADDRESS_LINKING (UTEID,ADDRESS_ID,ADDRESS_TYPE_CODE) values ('DFM831',195,'L');
Insert into STUDENT_ADDRESS_LINKING (UTEID,ADDRESS_ID,ADDRESS_TYPE_CODE) values ('DGD2491',80,'H');
Insert into STUDENT_ADDRESS_LINKING (UTEID,ADDRESS_ID,ADDRESS_TYPE_CODE) values ('DGD2491',179,'L');
Insert into STUDENT_ADDRESS_LINKING (UTEID,ADDRESS_ID,ADDRESS_TYPE_CODE) values ('DJD5383',12,'H');
Insert into STUDENT_ADDRESS_LINKING (UTEID,ADDRESS_ID,ADDRESS_TYPE_CODE) values ('DJD5383',111,'L');
Insert into STUDENT_ADDRESS_LINKING (UTEID,ADDRESS_ID,ADDRESS_TYPE_CODE) values ('DM7276',47,'H');
Insert into STUDENT_ADDRESS_LINKING (UTEID,ADDRESS_ID,ADDRESS_TYPE_CODE) values ('DM7276',146,'L');
Insert into STUDENT_ADDRESS_LINKING (UTEID,ADDRESS_ID,ADDRESS_TYPE_CODE) values ('DMD8519',94,'H');
Insert into STUDENT_ADDRESS_LINKING (UTEID,ADDRESS_ID,ADDRESS_TYPE_CODE) values ('DMD8519',193,'L');
Insert into STUDENT_ADDRESS_LINKING (UTEID,ADDRESS_ID,ADDRESS_TYPE_CODE) values ('DPD7181',45,'H');
Insert into STUDENT_ADDRESS_LINKING (UTEID,ADDRESS_ID,ADDRESS_TYPE_CODE) values ('DPD7181',144,'L');
Insert into STUDENT_ADDRESS_LINKING (UTEID,ADDRESS_ID,ADDRESS_TYPE_CODE) values ('DYP7255',23,'H');
Insert into STUDENT_ADDRESS_LINKING (UTEID,ADDRESS_ID,ADDRESS_TYPE_CODE) values ('DYP7255',122,'L');
Insert into STUDENT_ADDRESS_LINKING (UTEID,ADDRESS_ID,ADDRESS_TYPE_CODE) values ('EEC1049',83,'H');
Insert into STUDENT_ADDRESS_LINKING (UTEID,ADDRESS_ID,ADDRESS_TYPE_CODE) values ('EEC1049',182,'L');
Insert into STUDENT_ADDRESS_LINKING (UTEID,ADDRESS_ID,ADDRESS_TYPE_CODE) values ('EP1580',48,'H');
Insert into STUDENT_ADDRESS_LINKING (UTEID,ADDRESS_ID,ADDRESS_TYPE_CODE) values ('EP1580',115,'L');
Insert into STUDENT_ADDRESS_LINKING (UTEID,ADDRESS_ID,ADDRESS_TYPE_CODE) values ('EUC1533',9,'H');
Insert into STUDENT_ADDRESS_LINKING (UTEID,ADDRESS_ID,ADDRESS_TYPE_CODE) values ('EUC1533',108,'L');
Insert into STUDENT_ADDRESS_LINKING (UTEID,ADDRESS_ID,ADDRESS_TYPE_CODE) values ('EWW1557',65,'H');
Insert into STUDENT_ADDRESS_LINKING (UTEID,ADDRESS_ID,ADDRESS_TYPE_CODE) values ('EWW1557',164,'L');
Insert into STUDENT_ADDRESS_LINKING (UTEID,ADDRESS_ID,ADDRESS_TYPE_CODE) values ('FIH8064',21,'H');
Insert into STUDENT_ADDRESS_LINKING (UTEID,ADDRESS_ID,ADDRESS_TYPE_CODE) values ('FIH8064',100,'L');
Insert into STUDENT_ADDRESS_LINKING (UTEID,ADDRESS_ID,ADDRESS_TYPE_CODE) values ('FS4362',8,'H');
Insert into STUDENT_ADDRESS_LINKING (UTEID,ADDRESS_ID,ADDRESS_TYPE_CODE) values ('FS4362',107,'L');
Insert into STUDENT_ADDRESS_LINKING (UTEID,ADDRESS_ID,ADDRESS_TYPE_CODE) values ('FUA1806',97,'H');
Insert into STUDENT_ADDRESS_LINKING (UTEID,ADDRESS_ID,ADDRESS_TYPE_CODE) values ('FUA1806',196,'L');
Insert into STUDENT_ADDRESS_LINKING (UTEID,ADDRESS_ID,ADDRESS_TYPE_CODE) values ('FUS2325',26,'H');
Insert into STUDENT_ADDRESS_LINKING (UTEID,ADDRESS_ID,ADDRESS_TYPE_CODE) values ('FUS2325',125,'L');
Insert into STUDENT_ADDRESS_LINKING (UTEID,ADDRESS_ID,ADDRESS_TYPE_CODE) values ('FW6369',56,'H');
Insert into STUDENT_ADDRESS_LINKING (UTEID,ADDRESS_ID,ADDRESS_TYPE_CODE) values ('FW6369',155,'L');
Insert into STUDENT_ADDRESS_LINKING (UTEID,ADDRESS_ID,ADDRESS_TYPE_CODE) values ('FXJ5022',72,'H');
Insert into STUDENT_ADDRESS_LINKING (UTEID,ADDRESS_ID,ADDRESS_TYPE_CODE) values ('FXJ5022',171,'L');
Insert into STUDENT_ADDRESS_LINKING (UTEID,ADDRESS_ID,ADDRESS_TYPE_CODE) values ('FZB7597',40,'H');
Insert into STUDENT_ADDRESS_LINKING (UTEID,ADDRESS_ID,ADDRESS_TYPE_CODE) values ('FZB7597',139,'L');
Insert into STUDENT_ADDRESS_LINKING (UTEID,ADDRESS_ID,ADDRESS_TYPE_CODE) values ('GCH8371',17,'H');
Insert into STUDENT_ADDRESS_LINKING (UTEID,ADDRESS_ID,ADDRESS_TYPE_CODE) values ('GCH8371',116,'L');
Insert into STUDENT_ADDRESS_LINKING (UTEID,ADDRESS_ID,ADDRESS_TYPE_CODE) values ('GHA905',49,'H');
Insert into STUDENT_ADDRESS_LINKING (UTEID,ADDRESS_ID,ADDRESS_TYPE_CODE) values ('GHA905',148,'L');
Insert into STUDENT_ADDRESS_LINKING (UTEID,ADDRESS_ID,ADDRESS_TYPE_CODE) values ('GHG3454',44,'H');
Insert into STUDENT_ADDRESS_LINKING (UTEID,ADDRESS_ID,ADDRESS_TYPE_CODE) values ('GHG3454',143,'L');
Insert into STUDENT_ADDRESS_LINKING (UTEID,ADDRESS_ID,ADDRESS_TYPE_CODE) values ('GIB2079',1,'H');
Insert into STUDENT_ADDRESS_LINKING (UTEID,ADDRESS_ID,ADDRESS_TYPE_CODE) values ('GIB2079',100,'L');
Insert into STUDENT_ADDRESS_LINKING (UTEID,ADDRESS_ID,ADDRESS_TYPE_CODE) values ('HBL1790',5,'H');
Insert into STUDENT_ADDRESS_LINKING (UTEID,ADDRESS_ID,ADDRESS_TYPE_CODE) values ('HBL1790',104,'L');
Insert into STUDENT_ADDRESS_LINKING (UTEID,ADDRESS_ID,ADDRESS_TYPE_CODE) values ('HC3822',34,'H');
Insert into STUDENT_ADDRESS_LINKING (UTEID,ADDRESS_ID,ADDRESS_TYPE_CODE) values ('HC3822',133,'L');
Insert into STUDENT_ADDRESS_LINKING (UTEID,ADDRESS_ID,ADDRESS_TYPE_CODE) values ('HCL7626',77,'H');
Insert into STUDENT_ADDRESS_LINKING (UTEID,ADDRESS_ID,ADDRESS_TYPE_CODE) values ('HCL7626',176,'L');
Insert into STUDENT_ADDRESS_LINKING (UTEID,ADDRESS_ID,ADDRESS_TYPE_CODE) values ('HNP7794',57,'H');
Insert into STUDENT_ADDRESS_LINKING (UTEID,ADDRESS_ID,ADDRESS_TYPE_CODE) values ('HNP7794',156,'L');
Insert into STUDENT_ADDRESS_LINKING (UTEID,ADDRESS_ID,ADDRESS_TYPE_CODE) values ('HRB3071',6,'H');
Insert into STUDENT_ADDRESS_LINKING (UTEID,ADDRESS_ID,ADDRESS_TYPE_CODE) values ('HRB3071',105,'L');
Insert into STUDENT_ADDRESS_LINKING (UTEID,ADDRESS_ID,ADDRESS_TYPE_CODE) values ('HUL4767',13,'H');
Insert into STUDENT_ADDRESS_LINKING (UTEID,ADDRESS_ID,ADDRESS_TYPE_CODE) values ('HUL4767',112,'L');
Insert into STUDENT_ADDRESS_LINKING (UTEID,ADDRESS_ID,ADDRESS_TYPE_CODE) values ('HUS2085',95,'H');
Insert into STUDENT_ADDRESS_LINKING (UTEID,ADDRESS_ID,ADDRESS_TYPE_CODE) values ('HUS2085',166,'L');
Insert into STUDENT_ADDRESS_LINKING (UTEID,ADDRESS_ID,ADDRESS_TYPE_CODE) values ('HWO8716',31,'H');
Insert into STUDENT_ADDRESS_LINKING (UTEID,ADDRESS_ID,ADDRESS_TYPE_CODE) values ('HWO8716',130,'L');
Insert into STUDENT_ADDRESS_LINKING (UTEID,ADDRESS_ID,ADDRESS_TYPE_CODE) values ('HXC8739',10,'H');
Insert into STUDENT_ADDRESS_LINKING (UTEID,ADDRESS_ID,ADDRESS_TYPE_CODE) values ('HXC8739',109,'L');
Insert into STUDENT_ADDRESS_LINKING (UTEID,ADDRESS_ID,ADDRESS_TYPE_CODE) values ('IQE5747',93,'H');
Insert into STUDENT_ADDRESS_LINKING (UTEID,ADDRESS_ID,ADDRESS_TYPE_CODE) values ('IQE5747',192,'L');
Insert into STUDENT_ADDRESS_LINKING (UTEID,ADDRESS_ID,ADDRESS_TYPE_CODE) values ('JZN5692',14,'H');
Insert into STUDENT_ADDRESS_LINKING (UTEID,ADDRESS_ID,ADDRESS_TYPE_CODE) values ('JZN5692',113,'L');
Insert into STUDENT_ADDRESS_LINKING (UTEID,ADDRESS_ID,ADDRESS_TYPE_CODE) values ('KB4424',27,'H');
Insert into STUDENT_ADDRESS_LINKING (UTEID,ADDRESS_ID,ADDRESS_TYPE_CODE) values ('KB4424',126,'L');
Insert into STUDENT_ADDRESS_LINKING (UTEID,ADDRESS_ID,ADDRESS_TYPE_CODE) values ('KHT8834',3,'H');
Insert into STUDENT_ADDRESS_LINKING (UTEID,ADDRESS_ID,ADDRESS_TYPE_CODE) values ('KHT8834',102,'L');
Insert into STUDENT_ADDRESS_LINKING (UTEID,ADDRESS_ID,ADDRESS_TYPE_CODE) values ('KMF6130',70,'H');
Insert into STUDENT_ADDRESS_LINKING (UTEID,ADDRESS_ID,ADDRESS_TYPE_CODE) values ('KMF6130',169,'L');
Insert into STUDENT_ADDRESS_LINKING (UTEID,ADDRESS_ID,ADDRESS_TYPE_CODE) values ('KNB6385',19,'H');
Insert into STUDENT_ADDRESS_LINKING (UTEID,ADDRESS_ID,ADDRESS_TYPE_CODE) values ('KNB6385',118,'L');
Insert into STUDENT_ADDRESS_LINKING (UTEID,ADDRESS_ID,ADDRESS_TYPE_CODE) values ('KS205',61,'H');
Insert into STUDENT_ADDRESS_LINKING (UTEID,ADDRESS_ID,ADDRESS_TYPE_CODE) values ('KS205',160,'L');
Insert into STUDENT_ADDRESS_LINKING (UTEID,ADDRESS_ID,ADDRESS_TYPE_CODE) values ('LC2821',35,'H');
Insert into STUDENT_ADDRESS_LINKING (UTEID,ADDRESS_ID,ADDRESS_TYPE_CODE) values ('LC2821',134,'L');
Insert into STUDENT_ADDRESS_LINKING (UTEID,ADDRESS_ID,ADDRESS_TYPE_CODE) values ('LIE698',11,'H');
Insert into STUDENT_ADDRESS_LINKING (UTEID,ADDRESS_ID,ADDRESS_TYPE_CODE) values ('LIE698',110,'L');
Insert into STUDENT_ADDRESS_LINKING (UTEID,ADDRESS_ID,ADDRESS_TYPE_CODE) values ('LKH3280',20,'H');
Insert into STUDENT_ADDRESS_LINKING (UTEID,ADDRESS_ID,ADDRESS_TYPE_CODE) values ('LKH3280',119,'L');
Insert into STUDENT_ADDRESS_LINKING (UTEID,ADDRESS_ID,ADDRESS_TYPE_CODE) values ('MD2262',58,'H');
Insert into STUDENT_ADDRESS_LINKING (UTEID,ADDRESS_ID,ADDRESS_TYPE_CODE) values ('MD2262',157,'L');
Insert into STUDENT_ADDRESS_LINKING (UTEID,ADDRESS_ID,ADDRESS_TYPE_CODE) values ('MD475',63,'H');
Insert into STUDENT_ADDRESS_LINKING (UTEID,ADDRESS_ID,ADDRESS_TYPE_CODE) values ('MD475',162,'L');
Insert into STUDENT_ADDRESS_LINKING (UTEID,ADDRESS_ID,ADDRESS_TYPE_CODE) values ('MF752',66,'H');
Insert into STUDENT_ADDRESS_LINKING (UTEID,ADDRESS_ID,ADDRESS_TYPE_CODE) values ('MF752',165,'L');
Insert into STUDENT_ADDRESS_LINKING (UTEID,ADDRESS_ID,ADDRESS_TYPE_CODE) values ('MIG4064',85,'H');
Insert into STUDENT_ADDRESS_LINKING (UTEID,ADDRESS_ID,ADDRESS_TYPE_CODE) values ('MIG4064',184,'L');
Insert into STUDENT_ADDRESS_LINKING (UTEID,ADDRESS_ID,ADDRESS_TYPE_CODE) values ('MLK6741',29,'H');
Insert into STUDENT_ADDRESS_LINKING (UTEID,ADDRESS_ID,ADDRESS_TYPE_CODE) values ('MLK6741',106,'L');
Insert into STUDENT_ADDRESS_LINKING (UTEID,ADDRESS_ID,ADDRESS_TYPE_CODE) values ('MRB3622',24,'H');
Insert into STUDENT_ADDRESS_LINKING (UTEID,ADDRESS_ID,ADDRESS_TYPE_CODE) values ('MRB3622',123,'L');
Insert into STUDENT_ADDRESS_LINKING (UTEID,ADDRESS_ID,ADDRESS_TYPE_CODE) values ('MWB1058',74,'H');
Insert into STUDENT_ADDRESS_LINKING (UTEID,ADDRESS_ID,ADDRESS_TYPE_CODE) values ('MWB1058',173,'L');
Insert into STUDENT_ADDRESS_LINKING (UTEID,ADDRESS_ID,ADDRESS_TYPE_CODE) values ('NFS3857',41,'H');
Insert into STUDENT_ADDRESS_LINKING (UTEID,ADDRESS_ID,ADDRESS_TYPE_CODE) values ('NFS3857',140,'L');
Insert into STUDENT_ADDRESS_LINKING (UTEID,ADDRESS_ID,ADDRESS_TYPE_CODE) values ('NGN4753',33,'H');
Insert into STUDENT_ADDRESS_LINKING (UTEID,ADDRESS_ID,ADDRESS_TYPE_CODE) values ('NGN4753',132,'L');
Insert into STUDENT_ADDRESS_LINKING (UTEID,ADDRESS_ID,ADDRESS_TYPE_CODE) values ('NHH3714',49,'H');
Insert into STUDENT_ADDRESS_LINKING (UTEID,ADDRESS_ID,ADDRESS_TYPE_CODE) values ('NHH3714',148,'L');
Insert into STUDENT_ADDRESS_LINKING (UTEID,ADDRESS_ID,ADDRESS_TYPE_CODE) values ('NPW3829',82,'H');
Insert into STUDENT_ADDRESS_LINKING (UTEID,ADDRESS_ID,ADDRESS_TYPE_CODE) values ('NPW3829',181,'L');
Insert into STUDENT_ADDRESS_LINKING (UTEID,ADDRESS_ID,ADDRESS_TYPE_CODE) values ('OE8609',81,'H');
Insert into STUDENT_ADDRESS_LINKING (UTEID,ADDRESS_ID,ADDRESS_TYPE_CODE) values ('OE8609',180,'L');
Insert into STUDENT_ADDRESS_LINKING (UTEID,ADDRESS_ID,ADDRESS_TYPE_CODE) values ('PIS7306',67,'H');
Insert into STUDENT_ADDRESS_LINKING (UTEID,ADDRESS_ID,ADDRESS_TYPE_CODE) values ('PIS7306',166,'L');
Insert into STUDENT_ADDRESS_LINKING (UTEID,ADDRESS_ID,ADDRESS_TYPE_CODE) values ('PPT8644',75,'H');
Insert into STUDENT_ADDRESS_LINKING (UTEID,ADDRESS_ID,ADDRESS_TYPE_CODE) values ('PPT8644',174,'L');
Insert into STUDENT_ADDRESS_LINKING (UTEID,ADDRESS_ID,ADDRESS_TYPE_CODE) values ('PVC5380',38,'H');
Insert into STUDENT_ADDRESS_LINKING (UTEID,ADDRESS_ID,ADDRESS_TYPE_CODE) values ('PVC5380',137,'L');
Insert into STUDENT_ADDRESS_LINKING (UTEID,ADDRESS_ID,ADDRESS_TYPE_CODE) values ('RH6451',92,'H');
Insert into STUDENT_ADDRESS_LINKING (UTEID,ADDRESS_ID,ADDRESS_TYPE_CODE) values ('RH6451',166,'L');
Insert into STUDENT_ADDRESS_LINKING (UTEID,ADDRESS_ID,ADDRESS_TYPE_CODE) values ('RIR4875',73,'H');
Insert into STUDENT_ADDRESS_LINKING (UTEID,ADDRESS_ID,ADDRESS_TYPE_CODE) values ('RIR4875',172,'L');
Insert into STUDENT_ADDRESS_LINKING (UTEID,ADDRESS_ID,ADDRESS_TYPE_CODE) values ('RNS2736',69,'H');
Insert into STUDENT_ADDRESS_LINKING (UTEID,ADDRESS_ID,ADDRESS_TYPE_CODE) values ('RNS2736',168,'L');
Insert into STUDENT_ADDRESS_LINKING (UTEID,ADDRESS_ID,ADDRESS_TYPE_CODE) values ('RT5607',90,'H');
Insert into STUDENT_ADDRESS_LINKING (UTEID,ADDRESS_ID,ADDRESS_TYPE_CODE) values ('RT5607',189,'L');
Insert into STUDENT_ADDRESS_LINKING (UTEID,ADDRESS_ID,ADDRESS_TYPE_CODE) values ('RV3222',62,'H');
Insert into STUDENT_ADDRESS_LINKING (UTEID,ADDRESS_ID,ADDRESS_TYPE_CODE) values ('RV3222',137,'L');
Insert into STUDENT_ADDRESS_LINKING (UTEID,ADDRESS_ID,ADDRESS_TYPE_CODE) values ('SD7443',99,'H');
Insert into STUDENT_ADDRESS_LINKING (UTEID,ADDRESS_ID,ADDRESS_TYPE_CODE) values ('SD7443',177,'L');
Insert into STUDENT_ADDRESS_LINKING (UTEID,ADDRESS_ID,ADDRESS_TYPE_CODE) values ('SJF8986',42,'H');
Insert into STUDENT_ADDRESS_LINKING (UTEID,ADDRESS_ID,ADDRESS_TYPE_CODE) values ('SJF8986',141,'L');
Insert into STUDENT_ADDRESS_LINKING (UTEID,ADDRESS_ID,ADDRESS_TYPE_CODE) values ('SKT372',50,'H');
Insert into STUDENT_ADDRESS_LINKING (UTEID,ADDRESS_ID,ADDRESS_TYPE_CODE) values ('SKT372',149,'L');
Insert into STUDENT_ADDRESS_LINKING (UTEID,ADDRESS_ID,ADDRESS_TYPE_CODE) values ('SNB5024',91,'H');
Insert into STUDENT_ADDRESS_LINKING (UTEID,ADDRESS_ID,ADDRESS_TYPE_CODE) values ('SNB5024',190,'L');
Insert into STUDENT_ADDRESS_LINKING (UTEID,ADDRESS_ID,ADDRESS_TYPE_CODE) values ('SRD8635',71,'H');
Insert into STUDENT_ADDRESS_LINKING (UTEID,ADDRESS_ID,ADDRESS_TYPE_CODE) values ('SRD8635',170,'L');
Insert into STUDENT_ADDRESS_LINKING (UTEID,ADDRESS_ID,ADDRESS_TYPE_CODE) values ('SUO1824',30,'H');
Insert into STUDENT_ADDRESS_LINKING (UTEID,ADDRESS_ID,ADDRESS_TYPE_CODE) values ('SUO1824',107,'L');
Insert into STUDENT_ADDRESS_LINKING (UTEID,ADDRESS_ID,ADDRESS_TYPE_CODE) values ('SXH6677',15,'H');
Insert into STUDENT_ADDRESS_LINKING (UTEID,ADDRESS_ID,ADDRESS_TYPE_CODE) values ('SXH6677',114,'L');
Insert into STUDENT_ADDRESS_LINKING (UTEID,ADDRESS_ID,ADDRESS_TYPE_CODE) values ('TIH4353',78,'H');
Insert into STUDENT_ADDRESS_LINKING (UTEID,ADDRESS_ID,ADDRESS_TYPE_CODE) values ('TIH4353',177,'L');
Insert into STUDENT_ADDRESS_LINKING (UTEID,ADDRESS_ID,ADDRESS_TYPE_CODE) values ('VB3012',37,'H');
Insert into STUDENT_ADDRESS_LINKING (UTEID,ADDRESS_ID,ADDRESS_TYPE_CODE) values ('VB3012',136,'L');
Insert into STUDENT_ADDRESS_LINKING (UTEID,ADDRESS_ID,ADDRESS_TYPE_CODE) values ('VPS2528',18,'H');
Insert into STUDENT_ADDRESS_LINKING (UTEID,ADDRESS_ID,ADDRESS_TYPE_CODE) values ('VPS2528',117,'L');
Insert into STUDENT_ADDRESS_LINKING (UTEID,ADDRESS_ID,ADDRESS_TYPE_CODE) values ('VS5659',64,'H');
Insert into STUDENT_ADDRESS_LINKING (UTEID,ADDRESS_ID,ADDRESS_TYPE_CODE) values ('VS5659',163,'L');
Insert into STUDENT_ADDRESS_LINKING (UTEID,ADDRESS_ID,ADDRESS_TYPE_CODE) values ('WB4141',32,'H');
Insert into STUDENT_ADDRESS_LINKING (UTEID,ADDRESS_ID,ADDRESS_TYPE_CODE) values ('WB4141',131,'L');
Insert into STUDENT_ADDRESS_LINKING (UTEID,ADDRESS_ID,ADDRESS_TYPE_CODE) values ('WGB5563',86,'H');
Insert into STUDENT_ADDRESS_LINKING (UTEID,ADDRESS_ID,ADDRESS_TYPE_CODE) values ('WGB5563',185,'L');
Insert into STUDENT_ADDRESS_LINKING (UTEID,ADDRESS_ID,ADDRESS_TYPE_CODE) values ('ZBM3504',60,'H');
Insert into STUDENT_ADDRESS_LINKING (UTEID,ADDRESS_ID,ADDRESS_TYPE_CODE) values ('ZBM3504',159,'L');
Insert into STUDENT_ADDRESS_LINKING (UTEID,ADDRESS_ID,ADDRESS_TYPE_CODE) values ('ZD226',39,'H');
Insert into STUDENT_ADDRESS_LINKING (UTEID,ADDRESS_ID,ADDRESS_TYPE_CODE) values ('ZD226',138,'L');


--Major
Insert into MAJOR (MAJOR_ID,MAJOR_CODE,MAJOR_DESCRIPTION) values (1,'ACC','Accounting');
Insert into MAJOR (MAJOR_ID,MAJOR_CODE,MAJOR_DESCRIPTION) values (2,'BHP','Canfield Business Honors Program');
Insert into MAJOR (MAJOR_ID,MAJOR_CODE,MAJOR_DESCRIPTION) values (3,'FIN','Finance');
Insert into MAJOR (MAJOR_ID,MAJOR_CODE,MAJOR_DESCRIPTION) values (4,'IB ','International Business');
Insert into MAJOR (MAJOR_ID,MAJOR_CODE,MAJOR_DESCRIPTION) values (5,'MPA','Integrated Masters in Professional Accounting');
Insert into MAJOR (MAJOR_ID,MAJOR_CODE,MAJOR_DESCRIPTION) values (6,'MAN','Management');
Insert into MAJOR (MAJOR_ID,MAJOR_CODE,MAJOR_DESCRIPTION) values (7,'MIS','Management Information Systems');
Insert into MAJOR (MAJOR_ID,MAJOR_CODE,MAJOR_DESCRIPTION) values (8,'MKT','Marketing');
Insert into MAJOR (MAJOR_ID,MAJOR_CODE,MAJOR_DESCRIPTION) values (9,'STM','Science and Technology Management');
Insert into MAJOR (MAJOR_ID,MAJOR_CODE,MAJOR_DESCRIPTION) values (10,'SCM','Supply Chain Managemen');
Insert into MAJOR (MAJOR_ID,MAJOR_CODE,MAJOR_DESCRIPTION) values (11,'COE','Computational Engineering');
Insert into MAJOR (MAJOR_ID,MAJOR_CODE,MAJOR_DESCRIPTION) values (12,'ECE','Electrical and Computer Engineering');
Insert into MAJOR (MAJOR_ID,MAJOR_CODE,MAJOR_DESCRIPTION) values (13,'INF','Informatic students');
commit;


--insert to Course
Insert into COURSE (COURSE_ID,course_code, COURSE_NAME,COURSE_DESCRIPTION) values (1, 'ACC311','FUNDAMENTALS OF FINANCIAL ACC','Restricted to students in the McCombs School of Business.
Concepts and their application in transaction analysis and financial statement preparation; analysis of financial statements.
Accounting 311 and 311H may not both be counted.
Prerequisite: Twenty-four semester hours of college credit, including Economics 304K.
May be counted toward the Quantitative Reasoning flag requirement.
Offered on the letter-grade basis only.');

Insert into COURSE (COURSE_ID,course_code, COURSE_NAME,COURSE_DESCRIPTION) values (2,'ACC326','FINANCIAL ACC-INTERMEDIATE','N Arcu. Fermentum Posuere Urna Nec Tincidunt Praesent Semper Feugiat Nibh. Diam Ut Venenatis Tellus In Metus Vulputate. Non Curabitur Gravida Arcu Ac Tortor Dignissim Convallis Aenean Et. Sit Amet Consectetur Adipiscing Elit Ut Aliquam Purus Sit Amet. Dolor Sit Amet Consectetur Adipiscing Elit Pellentesque.');
Insert into COURSE (COURSE_ID,course_code, COURSE_NAME,COURSE_DESCRIPTION) values (3,'ACC327','FINANCIAL STATEMENT ANALYSIS','Nas Ultricies Mi Eget. Amet Porttitor Eget Dolor Morbi Non Arcu. Fermentum Posuere Urna Nec Tincidunt Praesent Semper Feugiat Nibh. Diam Ut Venenatis Tellus In Metus Vulputate. Non Curabitur Gravida Arcu Ac Tortor Dignissim Convallis Aenean Et. Sit Amet Consectetur Adipiscing Elit Ut Aliquam Purus Sit Amet. Dolor Sit Ame');
Insert into COURSE (COURSE_ID,course_code, COURSE_NAME,COURSE_DESCRIPTION) values (4,'ACC329','MANAGERIAL ACC AND CONTROL',' Sit Amet Aliquam Id Diam Maecenas Ultricies Mi Eget. Amet Porttitor Eget Dolor Morbi Non Arcu. Fermentum Posuere Urna Nec Tincidunt Praesent Semper Feugiat Nibh. Diam Ut Venenatis Tellus In Metus Vulputate. Non Curabitur Gravida Arcu Ac Tortor Dignissim Convallis Aenean Et. Sit Amet Consectetur Adipiscing Elit Ut Aliquam Purus Sit Amet. Dolor Sit Amet Consectetur Adipiscing Elit Pellentesque.');
Insert into COURSE (COURSE_ID,course_code, COURSE_NAME,COURSE_DESCRIPTION) values (5,'ACC334M','HEALTHCARE ACCOUNTING',' Morbi Blandit Cursus. Quam Nulla Porttitor Massa Id. Pharetra Sit Amet Aliquam Id Diam Maecenas Ultricies Mi Eget. Amet Porttitor Eget Dolor Morbi Non Arcu. Fermentum Posuere Urna Nec Tincidunt Praesent Semper Feugiat Nibh. Diam Ut Venenatis Tellus In Metus Vulputate. Non Curabitur Gravida Arcu Ac Tortor Dignissim Convallis Aenean Et. Sit Amet Consectetur Adipiscing Elit Ut Aliquam Purus Sit Amet. Dolor Sit Amet Consectetur Adipiscing Elit Pellentesque.');
Insert into COURSE (COURSE_ID,course_code, COURSE_NAME,COURSE_DESCRIPTION) values (6,'ACC151','ACCOUNTING CAREERS EXPLORATION','Et, Consectetur Adipiscing Elit, Sed Do Eiusmod Tempor Incididunt Ut Labore Et Dolore Magna Aliqua. Aliquam Vestibulum Morbi Blandit Cursus. Quam Nulla Porttitor Massa Id. Pharetra Sit Amet Aliquam Id Diam Maecenas Ultricies Mi Eget. Amet Porttitor Eget Dolor Morbi Non Arcu. Fermentum Posuere Urna Nec Tincidunt Praesent Semper Feugiat Nibh. Diam Ut Venenatis Tel');
Insert into COURSE (COURSE_ID,course_code, COURSE_NAME,COURSE_DESCRIPTION) values (7,'ACC355','INTRODUCTION TO TAXATION','R Morbi Non Arcu. Fermentum Posuere Urna Nec Tincidunt Praesent Semper Feugiat Nibh. Diam Ut Venenatis Tellus In Metus Vulputate. Non Curabitur Gravida Arcu Ac Tortor Dignissim Convallis Aenean Et. Sit Amet Consectetur Adipiscing Elit Ut Aliquam Purus Sit Amet. Dolor Sit Amet Consectetur Adipiscing Elit Pellentesque.');
Insert into COURSE (COURSE_ID,course_code, COURSE_NAME,COURSE_DESCRIPTION) values (8,'ACC380C','CORPORATE SUSTAINABILITY','Andit Cursus. Quam Nulla Porttitor Massa Id. Pharetra Sit Amet Aliquam Id Diam Maecenas Ultricies Mi Eget. Amet Porttitor Eget Dolor Morbi Non Arcu. Fermentum Posuere Urna Nec Tincidunt Praesent Semper Feugiat Nibh. Diam Ut Venenatis Tellus In Metus Vulputate. Non Curabitur Gravida Arcu Ac Tortor Dignissim Convallis Aenean Et. Sit Amet Consectetur Adipiscing Elit Ut Aliquam Purus Sit Amet. Dolor Sit Amet Consectetur Adipiscing Elit Pellentesque.');
Insert into COURSE (COURSE_ID,course_code, COURSE_NAME,COURSE_DESCRIPTION) values (9,'ACC380D','DATA ANALYTICS IN ACCOUNTING','Ididunt Ut Labore Et Dolore Magna Aliqua. Aliquam Vestibulum Morbi Blandit Cursus. Quam Nulla Porttitor Massa Id. Pharetra Sit Amet Aliquam Id Diam Maecenas Ultricies Mi Eget. Amet Porttitor Eget Dolor Morbi Non Arcu. Fermentum Posuere Urna Nec Tincidunt Praesent Semper Feugiat Nibh. Diam Ut Venenatis Tellus In Metus Vulputate. Non Curabitur Gravida Arcu Ac Tortor Dig');
Insert into COURSE (COURSE_ID,course_code, COURSE_NAME,COURSE_DESCRIPTION) values (10,'FIN321K','INTERMED MICROECON FOR BUSN','Re Magna Aliqua. Aliquam Vestibulum Morbi Blandit Cursus. Quam Nulla Porttitor Massa Id. Pharetra Sit Amet Aliquam Id Diam Maecenas Ultricies Mi Eget. Amet Porttitor Eget Dolor Morbi Non Arcu. Fermentum Posuere Urna Nec Tincidunt Praesent Semper Feugiat Nibh. Diam Ut Venenatis Tellus In Metus Vulputate. Non Curabitur Gravida Ar');
Insert into COURSE (COURSE_ID,course_code, COURSE_NAME,COURSE_DESCRIPTION) values (11,'FIN337.3','GLOBAL BUSN SUSTAINABILITY','Porttitor Eget Dolor Morbi Non Arcu. Fermentum Posuere Urna Nec Tincidunt Praesent Semper Feugiat Nibh. Diam Ut Venenatis Tellus In Metus Vulputate. Non Curabitur Gravida Arcu Ac Tortor Dignissim Convallis Aenean Et. Sit Amet Consectetur Adipiscing Elit Ut Aliquam Purus Sit Amet. Dolor Sit Amet Consectetur Adipiscing Elit Pellentesque.');
Insert into COURSE (COURSE_ID,course_code, COURSE_NAME,COURSE_DESCRIPTION) values (12,'FIN357','BUSINESS FINANCE','T Amet Aliquam Id Diam Maecenas Ultricies Mi Eget. Amet Porttitor Eget Dolor Morbi Non Arcu. Fermentum Posuere Urna Nec Tincidunt Praesent Semper Feugiat Nibh. Diam Ut Venenatis Tellus In Metus Vulputate. Non Curabitur Gravida Arcu Ac Tortor Dignissim Convallis Aenean Et. Sit Amet Consectetur Adipiscing Elit Ut Aliquam Purus Sit Amet. Dolor Sit Amet Consectetur Adipiscing Elit Pellentesque.');
Insert into COURSE (COURSE_ID,course_code, COURSE_NAME,COURSE_DESCRIPTION) values (13,'FIN394.1','ADV CORPORATE FINANCE',' Cursus. Quam Nulla Porttitor Massa Id. Pharetra Sit Amet Aliquam Id Diam Maecenas Ultricies Mi Eget. Amet Porttitor Eget Dolor Morbi Non Arcu. Fermentum Posuere Urna Nec Tincidunt Praesent Semper Feugiat Nibh. Diam Ut Venenatis Tellus In Metus Vulputate. Non Curabitur Gravida Arcu Ac Tortor Dignissim Convallis Aenean Et. Sit Amet Consectetur Adipiscing Elit Ut Aliquam Purus Sit Amet. Dolor Sit Amet Consectetur Adipiscing Elit Pellentesque.');
Insert into COURSE (COURSE_ID,course_code, COURSE_NAME,COURSE_DESCRIPTION) values (14,'IB350I','INTERNATIONAL TRADE','Sum Dolor Sit Amet, Consectetur Adipiscing Elit, Sed Do Eiusmod Tempor Incididunt Ut Labore Et Dolore Magna Aliqua. Aliquam Vestibulum Morbi Blandit Cursus. Quam Nulla Porttitor Massa Id. Pharetra Sit Amet Aliquam Id Diam Maecenas Ultricies Mi Eget. Amet Porttitor Eget Dolor Morbi Non Arcu. Fermentum Posuere Urna Nec Tincidunt Praesent Semper Feugiat Nibh. Diam Ut Venenatis Tellus In Metus');
Insert into COURSE (COURSE_ID,course_code, COURSE_NAME,COURSE_DESCRIPTION) values (15,'IB362G','GLOBAL REGULATORY STRATEGY','Met, Consectetur Adipiscing Elit, Sed Do Eiusmod Tempor Incididunt Ut Labore Et Dolore Magna Aliqua. Aliquam Vestibulum Morbi Blandit Cursus. Quam Nulla Porttitor Massa Id. Pharetra Sit Amet Aliquam Id Diam Maecenas Ultricies Mi Eget. Amet Porttitor Eget Dolor Morbi Non Arcu. Fermentum Posuere Urna Nec Tincidunt Praesent Semper Feugiat Nibh. Diam Ut Venenati');
Insert into COURSE (COURSE_ID,course_code, COURSE_NAME,COURSE_DESCRIPTION) values (16,'IB367S','STRATEGIC SUPPLY CHAIN MGMT',' Morbi Non Arcu. Fermentum Posuere Urna Nec Tincidunt Praesent Semper Feugiat Nibh. Diam Ut Venenatis Tellus In Metus Vulputate. Non Curabitur Gravida Arcu Ac Tortor Dignissim Convallis Aenean Et. Sit Amet Consectetur Adipiscing Elit Ut Aliquam Purus Sit Amet. Dolor Sit Amet Consectetur Adipiscing Elit Pellentesque.');
Insert into COURSE (COURSE_ID,course_code, COURSE_NAME,COURSE_DESCRIPTION) values (17,'MIS173','BLOCKCHAIN','T Dolore Magna Aliqua. Aliquam Vestibulum Morbi Blandit Cursus. Quam Nulla Porttitor Massa Id. Pharetra Sit Amet Aliquam Id Diam Maecenas Ultricies Mi Eget. Amet Porttitor Eget Dolor Morbi Non Arcu. Fermentum Posuere Urna Nec Tincidunt Praesent Semper Feugiat Nibh. Diam Ut Venenatis Tellus In Metus Vulputate. Non Curabitur Gravida Arcu Ac Tortor Dignissim Convallis Aenean Et. Sit Amet Consectetur Adipiscing Elit Ut Aliquam Purus Sit Amet. Dolor Sit Amet Consectetur Adipiscing El');
Insert into COURSE (COURSE_ID,course_code, COURSE_NAME,COURSE_DESCRIPTION) values (18,'ECE325','ELECTROMAGNETIC ENGINEERING','E Magna Aliqua. Aliquam Vestibulum Morbi Blandit Cursus. Quam Nulla Porttitor Massa Id. Pharetra Sit Amet Aliquam Id Diam Maecenas Ultricies Mi Eget. Amet Porttitor Eget Dolor Morbi Non Arcu. Fermentum Posuere Urna Nec Tincidunt Praesent Semper Feugiat Nibh. Diam Ut Venenatis Tellus In Metus Vulputate. Non Curabitur Gravida Arcu Ac Tortor Dignissim Convallis Aenean Et. Sit Amet Consectetur Adipiscing Elit Ut Aliquam Purus Sit Amet. Dolor Sit Amet Consectetur Adipiscing Elit Pellentesque.');
Insert into COURSE (COURSE_ID,course_code, COURSE_NAME,COURSE_DESCRIPTION) values (19,'ECE325K','ANTENNAS AND WIRELESS PROPGATN','D Do Eiusmod Tempor Incididunt Ut Labore Et Dolore Magna Aliqua. Aliquam Vestibulum Morbi Blandit Cursus. Quam Nulla Porttitor Massa Id. Pharetra Sit Amet Aliquam Id Diam Maecenas Ultricies Mi Eget. Amet Porttitor Eget Dolor Morbi Non Arcu. Fermentum Posuere Urna Nec Tincidunt Praesent Semper Feugiat Nibh. Diam Ut Venenatis Tellus In Metus Vulputate');
Insert into COURSE (COURSE_ID,course_code, COURSE_NAME,COURSE_DESCRIPTION) values (20,'ECE381J','PROBABIL/STOCHASTIC PROCS I','Orbi Blandit Cursus. Quam Nulla Porttitor Massa Id. Pharetra Sit Amet Aliquam Id Diam Maecenas Ultricies Mi Eget. Amet Porttitor Eget Dolor Morbi Non Arcu. Fermentum Posuere Urna Nec Tincidunt Praesent Semper Feugiat Nibh. Diam Ut Venenatis Tellus In Metus Vulputate. Non Curabitur Gravida Arcu Ac Tortor Dignissim Convallis Aenean Et. Sit Amet Consectetur Adipiscing Elit Ut Aliquam Purus Sit Amet. Dolor Sit Amet Consectetur Adipiscing Elit Pellentesque.');
Insert into COURSE (COURSE_ID,course_code, COURSE_NAME,COURSE_DESCRIPTION) values (21,'ECE381K.18','CONVEX OPTIMIZATION','Rbi Non Arcu. Fermentum Posuere Urna Nec Tincidunt Praesent Semper Feugiat Nibh. Diam Ut Venenatis Tellus In Metus Vulputate. Non Curabitur Gravida Arcu Ac Tortor Dignissim Convallis Aenean Et. Sit Amet Consectetur Adipiscing Elit Ut Aliquam Purus Sit Amet. Dolor Sit Amet Consectetur Adipiscing Elit Pellentesque.');
Insert into COURSE (COURSE_ID,course_code, COURSE_NAME,COURSE_DESCRIPTION) values (22,'ECE381K.20','MCHN LRNG REAL WORLD NETWRK','Maecenas Ultricies Mi Eget. Amet Porttitor Eget Dolor Morbi Non Arcu. Fermentum Posuere Urna Nec Tincidunt Praesent Semper Feugiat Nibh. Diam Ut Venenatis Tellus In Metus Vulputate. Non Curabitur Gravida Arcu Ac Tortor Dignissim Convallis Aenean Et. Sit Amet Consectetur Adipiscing Elit Ut Aliquam Purus Sit Amet. Dolor Sit Amet Consectetur Adipiscing Elit Pellentesque.');
Insert into COURSE (COURSE_ID,course_code, COURSE_NAME,COURSE_DESCRIPTION) values (23,'INF380E','PERSPECTIVES ON INFORMATION','Rbi Non Arcu. Fermentum Posuere Urna Nec Tincidunt Praesent Semper Feugiat Nibh. Diam Ut Venenatis Tellus In Metus Vulputate. Non Curabitur Gravida Arcu Ac Tortor Dignissim Convallis Aenean Et. Sit Amet Consectetur Adipiscing Elit Ut Aliquam Purus Sit Amet. Dolor Sit Amet Consectetur Adipiscing Elit Pellentesque.');
Insert into COURSE (COURSE_ID,course_code, COURSE_NAME,COURSE_DESCRIPTION) values (24,'INF380P','INTRODUCTION TO PROGRAMMING','Tor Eget Dolor Morbi Non Arcu. Fermentum Posuere Urna Nec Tincidunt Praesent Semper Feugiat Nibh. Diam Ut Venenatis Tellus In Metus Vulputate. Non Curabitur Gravida Arcu Ac Tortor Dignissim Convallis Aenean Et. Sit Amet Consectetur Adipiscing Elit Ut Aliquam Purus Sit Amet. Dolor Sit Amet Consectetur Adipiscing Elit Pellentesque.');
Insert into COURSE (COURSE_ID,course_code, COURSE_NAME,COURSE_DESCRIPTION) values (25,'INF382C','UNDERSTANDING & SERVING USERS','Eiusmod Tempor Incididunt Ut Labore Et Dolore Magna Aliqua. Aliquam Vestibulum Morbi Blandit Cursus. Quam Nulla Porttitor Massa Id. Pharetra Sit Amet Aliquam Id Diam Maecenas Ultricies Mi Eget. Amet Porttitor Eget Dolor Morbi Non Arcu. Fermentum Posuere Urna Nec Tincidunt Praesent Semper Feugiat Nibh. Diam Ut Venenatis Tellus In Metus Vulputate. Non Cu');
Insert into COURSE (COURSE_ID,course_code, COURSE_NAME,COURSE_DESCRIPTION) values (26,'INF382D','INTRO INFO RESOURCES/SERVICES','Ies Mi Eget. Amet Porttitor Eget Dolor Morbi Non Arcu. Fermentum Posuere Urna Nec Tincidunt Praesent Semper Feugiat Nibh. Diam Ut Venenatis Tellus In Metus Vulputate. Non Curabitur Gravida Arcu Ac Tortor Dignissim Convallis Aenean Et. Sit Amet Consectetur Adipiscing Elit Ut Aliquam Purus Sit Amet. Dolor Sit Amet Consectetur Adipiscing Elit Pellentesque.');
Insert into COURSE (COURSE_ID,course_code, COURSE_NAME,COURSE_DESCRIPTION) values (27,'IB367D','GLOBAL ENTREPRENEURSHIP','T Amet, Consectetur Adipiscing Elit, Sed Do Eiusmod Tempor Incididunt Ut Labore Et Dolore Magna Aliqua. Aliquam Vestibulum Morbi Blandit Cursus. Quam Nulla Porttitor Massa Id. Pharetra Sit Amet Aliquam Id Diam Maecenas Ultricies Mi Eget. Amet Porttitor Eget Dolor Morbi Non Arcu. Fermentum Posuere Urna Nec Tincidunt Praesent Semper Feugiat Nibh. Diam Ut Venenatis Tellus In Metus Vulputate. Non Curabitur Gravida Arcu Ac Tortor Dignissim Convallis Aenean Et. Sit Amet Consectetur Adipiscing Elit Ut Aliquam Purus Sit Amet. Dolor Sit Amet Consectetur Adipiscing Elit Pellentesque.');
Insert into COURSE (COURSE_ID,course_code, COURSE_NAME,COURSE_DESCRIPTION) values (28,'IB368G','GLOBAL VALUE CHAINS','Consectetur Adipiscing Elit, Sed Do Eiusmod Tempor Incididunt Ut Labore Et Dolore Magna Aliqua. Aliquam Vestibulum Morbi Blandit Cursus. Quam Nulla Porttitor Massa Id. Pharetra Sit Amet Aliquam Id Diam Maecenas Ultricies Mi Eget. Amet Porttitor Eget Dolor Morbi Non Arcu. Fermentum Posuere Urna Nec Tinc');
Insert into COURSE (COURSE_ID,course_code, COURSE_NAME,COURSE_DESCRIPTION) values (29,'IB372I','INTRO TO GLOBL FIN AND BUSN',' Eiusmod Tempor Incididunt Ut Labore Et Dolore Magna Aliqua. Aliquam Vestibulum Morbi Blandit Cursus. Quam Nulla Porttitor Massa Id. Pharetra Sit Amet Aliquam Id Diam Maecenas Ultricies Mi Eget. Amet Porttitor Eget Dolor Morbi Non Arcu. Fermentum Posuere Urna Nec Tincidunt Praesent Semper Feugiat Nibh. Diam Ut Venenatis Tellus In Metus Vulputate. Non Curabitur Gravida Arcu Ac Tortor Dignissim Convalli');
Insert into COURSE (COURSE_ID,course_code, COURSE_NAME,COURSE_DESCRIPTION) values (30,'IB372P','PROCUREMENT/SUPPLIER MGMT',' Morbi Non Arcu. Fermentum Posuere Urna Nec Tincidunt Praesent Semper Feugiat Nibh. Diam Ut Venenatis Tellus In Metus Vulputate. Non Curabitur Gravida Arcu Ac Tortor Dignissim Convallis Aenean Et. Sit Amet Consectetur Adipiscing Elit Ut Aliquam Purus Sit Amet. Dolor Sit Amet Consectetur Adipiscing Elit Pellentesque.');
Insert into COURSE (COURSE_ID,course_code, COURSE_NAME,COURSE_DESCRIPTION) values (31,'MAN325','STRATEG HUMAN RESOURCES MGMT','Am Maecenas Ultricies Mi Eget. Amet Porttitor Eget Dolor Morbi Non Arcu. Fermentum Posuere Urna Nec Tincidunt Praesent Semper Feugiat Nibh. Diam Ut Venenatis Tellus In Metus Vulputate. Non Curabitur Gravida Arcu Ac Tortor Dignissim Convallis Aenean Et. Sit Amet Consectetur Adipiscing Elit Ut Aliquam Purus Sit Amet. Dolor Sit Amet Consectetur Adipiscing Elit Pellentesque.');
Insert into COURSE (COURSE_ID,course_code, COURSE_NAME,COURSE_DESCRIPTION) values (32,'MAN327','INNOVATION/ENTREPRENEURSHIP','Met Aliquam Id Diam Maecenas Ultricies Mi Eget. Amet Porttitor Eget Dolor Morbi Non Arcu. Fermentum Posuere Urna Nec Tincidunt Praesent Semper Feugiat Nibh. Diam Ut Venenatis Tellus In Metus Vulputate. Non Curabitur Gravida Arcu Ac Tortor Dignissim Convallis Aenean Et. Sit Amet Consectetur Adipiscing Elit Ut Aliquam Purus Sit Amet. Dolor Sit Amet Consectetur Adipiscing Elit Pellentesque.');
Insert into COURSE (COURSE_ID,course_code, COURSE_NAME,COURSE_DESCRIPTION) values (33,'MAN327E','NEW VENTURE MECHANICS','. Quam Nulla Porttitor Massa Id. Pharetra Sit Amet Aliquam Id Diam Maecenas Ultricies Mi Eget. Amet Porttitor Eget Dolor Morbi Non Arcu. Fermentum Posuere Urna Nec Tincidunt Praesent Semper Feugiat Nibh. Diam Ut Venenatis Tellus In Metus Vulputate. Non Curabitur Gravida Arcu Ac Tortor Dignissim Convallis Aenean Et. Sit Amet Consectetur Adipiscing Elit Ut Aliquam Purus Sit Amet. Dolor Sit Amet Consectetur Adipiscing Elit Pellentesque.');
Insert into COURSE (COURSE_ID,course_code, COURSE_NAME,COURSE_DESCRIPTION) values (34,'MAN328','CONSULTING & CHANGE MANAGEMENT',' Do Eiusmod Tempor Incididunt Ut Labore Et Dolore Magna Aliqua. Aliquam Vestibulum Morbi Blandit Cursus. Quam Nulla Porttitor Massa Id. Pharetra Sit Amet Aliquam Id Diam Maecenas Ultricies Mi Eget. Amet Porttitor Eget Dolor Morbi Non Arcu. Fermentum Posuere Urna Nec Tincidunt Praesent Semper Feugiat Nibh. Diam Ut Venenatis Tellus In');
Insert into COURSE (COURSE_ID,course_code, COURSE_NAME,COURSE_DESCRIPTION) values (35,'MAN283','LEADING PEOPLE AND ORGS','Id. Pharetra Sit Amet Aliquam Id Diam Maecenas Ultricies Mi Eget. Amet Porttitor Eget Dolor Morbi Non Arcu. Fermentum Posuere Urna Nec Tincidunt Praesent Semper Feugiat Nibh. Diam Ut Venenatis Tellus In Metus Vulputate. Non Curabitur Gravida Arcu Ac Tortor Dignissim Convallis Aenean Et. Sit Amet Consectetur Adipiscing Elit Ut Aliquam Purus Sit Amet. Dolor Sit Amet Consectetur Adipiscing Elit Pellentesque.');
Insert into COURSE (COURSE_ID,course_code, COURSE_NAME,COURSE_DESCRIPTION) values (36,'MAN385D','DARE TO LEAD','Iam Maecenas Ultricies Mi Eget. Amet Porttitor Eget Dolor Morbi Non Arcu. Fermentum Posuere Urna Nec Tincidunt Praesent Semper Feugiat Nibh. Diam Ut Venenatis Tellus In Metus Vulputate. Non Curabitur Gravida Arcu Ac Tortor Dignissim Convallis Aenean Et. Sit Amet Consectetur Adipiscing Elit Ut Aliquam Purus Sit Amet. Dolor Sit Amet Consectetur Adipiscing Elit Pellentesque.');
Insert into COURSE (COURSE_ID,course_code, COURSE_NAME,COURSE_DESCRIPTION) values (37,'MAN385M','MANAGING DIVERSE WORKFORCE','I Blandit Cursus. Quam Nulla Porttitor Massa Id. Pharetra Sit Amet Aliquam Id Diam Maecenas Ultricies Mi Eget. Amet Porttitor Eget Dolor Morbi Non Arcu. Fermentum Posuere Urna Nec Tincidunt Praesent Semper Feugiat Nibh. Diam Ut Venenatis Tellus In Metus Vulputate. Non Curabitur Gravida Arcu Ac Tortor Dignissim Convallis Aenean Et. Sit Amet Consectetur Adipiscing Elit Ut Aliquam Purus Sit Amet. Dolor Sit Amet Consectetur Adipiscing Elit Pellentesque.');
Insert into COURSE (COURSE_ID,course_code, COURSE_NAME,COURSE_DESCRIPTION) values (38,'MIS301','INTRO TO INFO TECHNOLOGY MGMT','O Eiusmod Tempor Incididunt Ut Labore Et Dolore Magna Aliqua. Aliquam Vestibulum Morbi Blandit Cursus. Quam Nulla Porttitor Massa Id. Pharetra Sit Amet Aliquam Id Diam Maecenas Ultricies Mi Eget. Amet Porttitor Eget Dolor Morbi Non Arcu. Fermentum Posuere Urna Nec Tincidunt Praesent Semper Feugiat Nibh. Diam Ut Venenatis Tellus In Metus Vulp');
Insert into COURSE (COURSE_ID,course_code, COURSE_NAME,COURSE_DESCRIPTION) values (39,'MIS304','INTRO PROB SOLV/PROGRAMMING','Itor Massa Id. Pharetra Sit Amet Aliquam Id Diam Maecenas Ultricies Mi Eget. Amet Porttitor Eget Dolor Morbi Non Arcu. Fermentum Posuere Urna Nec Tincidunt Praesent Semper Feugiat Nibh. Diam Ut Venenatis Tellus In Metus Vulputate. Non Curabitur Gravida Arcu Ac Tortor Dignissim Convallis Aenean Et. Sit Amet Consectetur Adipiscing Elit Ut Aliquam Purus Sit Amet. ');
Insert into COURSE (COURSE_ID,course_code, COURSE_NAME,COURSE_DESCRIPTION) values (40,'MIS325','DATABASE MANAGEMENT','Cursus. Quam Nulla Porttitor Massa Id. Pharetra Sit Amet Aliquam Id Diam Maecenas Ultricies Mi Eget. Amet Porttitor Eget Dolor Morbi Non Arcu. Fermentum Posuere Urna Nec Tincidunt Praesent Semper Feugiat Nibh. Diam Ut Venenatis Tellus In Metus Vulputate. Non Curabitur Gravida Arcu Ac Tortor Dignissim Convallis Aenean Et. Sit Amet Consectetur Adipiscing Elit Ut Aliquam Purus Sit Amet. Dolor Sit Amet Consectetur Adipiscing Elit Pellentesque.');
Insert into COURSE (COURSE_ID,course_code, COURSE_NAME,COURSE_DESCRIPTION) values (41,'MIS333K','WEB APPLICATION DEVELOPMENT','Mpor Incididunt Ut Labore Et Dolore Magna Aliqua. Aliquam Vestibulum Morbi Blandit Cursus. Quam Nulla Porttitor Massa Id. Pharetra Sit Amet Aliquam Id Diam Maecenas Ultricies Mi Eget. Amet Porttitor Eget Dolor Morbi Non Arcu. Fermentum Posuere Urna Nec Tincidunt Praesent Semper Feugiat Nibh. Diam Ut Venenatis Tellus In Metus Vulputate. Non Curabitur Gravida Arcu Ac Tortor Dignissim Convallis Aenean Et. Sit Amet Consectetur Adipiscing Elit Ut Aliquam Purus Sit Amet. Dolor Sit Amet Consectetur Adipiscing Elit Pellentesque.');
Insert into COURSE (COURSE_ID,course_code, COURSE_NAME,COURSE_DESCRIPTION) values (42,'MIS374','BUSINESS SYSTEMS DEVELOPMENT','OMG! OMG! OMG!  This class is so much work but SO worth it!  You will learn so much and get a real world experience that sets you up for massive success in your career.  Get ready for a roller coaster of excitement and learning!');
Insert into COURSE (COURSE_ID,course_code, COURSE_NAME,COURSE_DESCRIPTION) values (43,'MIS373.17','PRED ANALYTIC/DATA MINING','Ra Sit Amet Aliquam Id Diam Maecenas Ultricies Mi Eget. Amet Porttitor Eget Dolor Morbi Non Arcu. Fermentum Posuere Urna Nec Tincidunt Praesent Semper Feugiat Nibh. Diam Ut Venenatis Tellus In Metus Vulputate. Non Curabitur Gravida Arcu Ac Tortor Dignissim Convallis Aenean Et. Sit Amet Consectetur Adipiscing Elit Ut Aliquam Purus Sit Amet. Dolor Sit Amet Consectetur Adipiscing Elit Pellentesque.');
Insert into COURSE (COURSE_ID,course_code, COURSE_NAME,COURSE_DESCRIPTION) values (44,'MIS373.19','ENTERPRISE COMPUTING','Met, Consectetur Adipiscing Elit, Sed Do Eiusmod Tempor Incididunt Ut Labore Et Dolore Magna Aliqua. Aliquam Vestibulum Morbi Blandit Cursus. Quam Nulla Porttitor Massa Id. Pharetra Sit Amet Aliquam Id Diam Maecenas Ultricies Mi Eget. Amet Porttitor Eget Dolor Morbi Non Arcu. Fermentum Posuere Urna Nec Tincidunt Praesent Semper Feugiat Nibh. Diam Ut Venenatis Tellus In Metus Vulputate. Non Curabitur Gravida Arcu A');
Insert into COURSE (COURSE_ID,course_code, COURSE_NAME,COURSE_DESCRIPTION) values (45,'MIS373.21','OPEN INNOVATION','Lor Morbi Non Arcu. Fermentum Posuere Urna Nec Tincidunt Praesent Semper Feugiat Nibh. Diam Ut Venenatis Tellus In Metus Vulputate. Non Curabitur Gravida Arcu Ac Tortor Dignissim Convallis Aenean Et. Sit Amet Consectetur Adipiscing Elit Ut Aliquam Purus Sit Amet. Dolor Sit Amet Consectetur Adipiscing Elit Pellentesque.');
Insert into COURSE (COURSE_ID,course_code, COURSE_NAME,COURSE_DESCRIPTION) values (46,'MKT337','PRINCIPLES OF MARKETING','Et Aliquam Id Diam Maecenas Ultricies Mi Eget. Amet Porttitor Eget Dolor Morbi Non Arcu. Fermentum Posuere Urna Nec Tincidunt Praesent Semper Feugiat Nibh. Diam Ut Venenatis Tellus In Metus Vulputate. Non Curabitur Gravida Arcu Ac Tortor Dignissim Convallis Aenean Et. Sit Amet Consectetur Adipiscing Elit');
Insert into COURSE (COURSE_ID,course_code, COURSE_NAME,COURSE_DESCRIPTION) values (47,'MKT337N','INTRO TO MRKTNG IN NEW YORK','Cididunt Ut Labore Et Dolore Magna Aliqua. Aliquam Vestibulum Morbi Blandit Cursus. Quam Nulla Porttitor Massa Id. Pharetra Sit Amet Aliquam Id Diam Maecenas Ultricies Mi Eget. Amet Porttitor Eget Dolor Morbi Non Arcu. Fermentum Posuere Urna Nec Tincidunt Praesent Semper Feugiat Nibh. Diam Ut Venenatis Tellus In Metus Vulputate. N');
Insert into COURSE (COURSE_ID,course_code, COURSE_NAME,COURSE_DESCRIPTION) values (48,'MKT360','INFORMATION AND ANALYSIS','Cididunt Ut Labore Et Dolore Magna Aliqua. Aliquam Vestibulum Morbi Blandit Cursus. Quam Nulla Porttitor Massa Id. Pharetra Sit Amet Aliquam Id Diam Maecenas Ultricies Mi Eget. Amet Porttitor Eget Dolor Morbi Non Arcu. Fermentum Posuere Urna Nec Tincidunt Praesent Semper Feugiat Nibh. Diam Ut Venenatis Tellus In Metus Vu');
Insert into COURSE (COURSE_ID,course_code, COURSE_NAME,COURSE_DESCRIPTION) values (49,'STM385','KNOWING & LEARNING IN STEM ED','N Arcu. Fermentum Posuere Urna Nec Tincidunt Praesent Semper Feugiat Nibh. Diam Ut Venenatis Tellus In Metus Vulputate. Non Curabitur Gravida Arcu Ac Tortor Dignissim Convallis Aenean Et. Sit Amet Consectetur Adipiscing Elit Ut Aliquam Purus Sit Amet. Dolor Sit Amet Consectetur Adipiscing Elit Pellentesque.');
Insert into COURSE (COURSE_ID,course_code, COURSE_NAME,COURSE_DESCRIPTION) values (50,'STM390.2','RSCH TCH & TCHR DEV STEM ED','Unt Ut Labore Et Dolore Magna Aliqua. Aliquam Vestibulum Morbi Blandit Cursus. Quam Nulla Porttitor Massa Id. Pharetra Sit Amet Aliquam Id Diam Maecenas Ultricies Mi Eget. Amet Porttitor Eget Dolor Morbi Non Arcu. Fermentum Posuere Urna Nec Tincidunt Praesent Semper Feugiat Nibh. Diam Ut Venenatis Tellus In Met');
Insert into COURSE (COURSE_ID,course_code, COURSE_NAME,COURSE_DESCRIPTION) values (51,'OM235O','OPERATIONS MANAGEMENT','Orttitor Massa Id. Pharetra Sit Amet Aliquam Id Diam Maecenas Ultricies Mi Eget. Amet Porttitor Eget Dolor Morbi Non Arcu. Fermentum Posuere Urna Nec Tincidunt Praesent Semper Feugiat Nibh. Diam Ut Venenatis Tellus In Metus Vulputate. Non Curabitur Gravida Arcu Ac Tortor Dignissim Convallis Aenean Et. Sit Amet Consec');
Insert into COURSE (COURSE_ID,course_code, COURSE_NAME,COURSE_DESCRIPTION) values (52,'OM337.3','PROCUREMENT/SUPPLIER MGMT','Mpor Incididunt Ut Labore Et Dolore Magna Aliqua. Aliquam Vestibulum Morbi Blandit Cursus. Quam Nulla Porttitor Massa Id. Pharetra Sit Amet Aliquam Id Diam Maecenas Ultricies Mi Eget. Amet Porttitor Eget Dolor Morbi Non Arcu. Fermentum Posuere Urna Nec Tincidunt Praesent Semper Feugiat Nibh. Diam Ut Venenatis Tellus In Metus Vulputate. Non Curabitur Gravida Arcu Ac Tortor Dignissim Convallis Aenean Et. Sit Amet Consectetur Adipiscing Elit Ut Aliquam Purus Sit Amet. Dolor Sit Amet Consectetur Adipiscing Elit Pellentesque.');
Insert into COURSE (COURSE_ID,course_code, COURSE_NAME,COURSE_DESCRIPTION) values (53,'OM337.6','SUPPLY CHAIN ANALYTICS','Am Id Diam Maecenas Ultricies Mi Eget. Amet Porttitor Eget Dolor Morbi Non Arcu. Fermentum Posuere Urna Nec Tincidunt Praesent Semper Feugiat Nibh. Diam Ut Venenatis Tellus In Metus Vulputate. Non Curabitur Gravida Arcu Ac Tortor Dignissim Convallis Aenean Et. Sit Amet Consectetur Adipiscing Elit Ut Aliquam Purus Sit Amet. Dolor Sit Amet C');
Insert into COURSE (COURSE_ID,course_code, COURSE_NAME,COURSE_DESCRIPTION) values (54,'COE301','INTRO TO COMPUTER PROGRAMMING','Rttitor Eget Dolor Morbi Non Arcu. Fermentum Posuere Urna Nec Tincidunt Praesent Semper Feugiat Nibh. Diam Ut Venenatis Tellus In Metus Vulputate. Non Curabitur Gravida Arcu Ac Tortor Dignissim Convallis Aenean Et. Sit Amet Consectetur Adipiscing Elit Ut Aliquam Purus Sit Amet. Dolor Sit Amet Consectetur Adipiscing Elit Pellentesque.');
Insert into COURSE (COURSE_ID,course_code, COURSE_NAME,COURSE_DESCRIPTION) values (55,'COE311K','ENGINEERING COMPUTATION','Amet Aliquam Id Diam Maecenas Ultricies Mi Eget. Amet Porttitor Eget Dolor Morbi Non Arcu. Fermentum Posuere Urna Nec Tincidunt Praesent Semper Feugiat Nibh. Diam Ut Venenatis Tellus In Metus Vulputate. Non Curabitur Gravida Arcu Ac Tortor Dignissim Convallis Aenean Et. Sit Amet Consectetur Adipiscing Elit Ut Aliquam Purus Sit Amet. Dolor Sit Amet Consectetur Adipiscing Elit Pellentesque');
Insert into COURSE (COURSE_ID,course_code, COURSE_NAME,COURSE_DESCRIPTION) values (56,'COE322','SCIENTIFIC COMPUTATION','R Eget Dolor Morbi Non Arcu. Fermentum Posuere Urna Nec Tincidunt Praesent Semper Feugiat Nibh. Diam Ut Venenatis Tellus In Metus Vulputate. Non Curabitur Gravida Arcu Ac Tortor Dignissim Convallis Aenean Et. Sit Amet Consectetur Adipiscing Elit Ut Aliquam Purus Sit Amet. Dolor Sit Amet Consectetur Adipiscing Elit Pellentesque.');
Insert into COURSE (COURSE_ID,course_code, COURSE_NAME,COURSE_DESCRIPTION) values (57,'COE352','ADVANCED SCIENTIFIC ENGR','Et Aliquam Id Diam Maecenas Ultricies Mi Eget. Amet Porttitor Eget Dolor Morbi Non Arcu. Fermentum Posuere Urna Nec Tincidunt Praesent Semper Feugiat Nibh. Diam Ut Venenatis Tellus In Metus Vulputate. Non Curabitur Gravida Arcu Ac Tortor Dignissim Convallis Aenean Et. Sit Amet Consectetur Adipiscing Elit Ut Aliquam Purus Sit Amet. Dolor Sit Amet Consectetur Adipiscing Elit Pellentesque.');
Insert into COURSE (COURSE_ID,course_code, COURSE_NAME,COURSE_DESCRIPTION) values (58,'COE371','APPLIED MATHEMATICS I','Usmod Tempor Incididunt Ut Labore Et Dolore Magna Aliqua. Aliquam Vestibulum Morbi Blandit Cursus. Quam Nulla Porttitor Massa Id. Pharetra Sit Amet Aliquam Id Diam Maecenas Ultricies Mi Eget. Amet Porttitor Eget Dolor Morbi Non Arcu. Fermentum Posuere Urna Nec Tincidunt Praesent Semper Feugiat Nibh. Diam Ut Venenatis Tellus In Metus Vulputate. Non Curabitur Gravida Arcu Ac Tortor Dignissim Convalli');
Insert into COURSE (COURSE_ID,course_code, COURSE_NAME,COURSE_DESCRIPTION) values (59,'ECE302','INTRO ELECTRICAL ENGINEERING','. Fermentum Posuere Urna Nec Tincidunt Praesent Semper Feugiat Nibh. Diam Ut Venenatis Tellus In Metus Vulputate. Non Curabitur Gravida Arcu Ac Tortor Dignissim Convallis Aenean Et. Sit Amet Consectetur Adipiscing Elit Ut Aliquam Purus Sit Amet. Dolor Sit Amet Consectetur Adipiscing Elit Pellentesque.');
Insert into COURSE (COURSE_ID,course_code, COURSE_NAME,COURSE_DESCRIPTION) values (60,'ECE422C','SOFTWR DESIGN/IMPLEMENTATN II','Lla Porttitor Massa Id. Pharetra Sit Amet Aliquam Id Diam Maecenas Ultricies Mi Eget. Amet Porttitor Eget Dolor Morbi Non Arcu. Fermentum Posuere Urna Nec Tincidunt Praesent Semper Feugiat Nibh. Diam Ut Venenatis Tellus In Metus Vulputate. Non Curabitur Gravida Arcu Ac Tortor Dignissim Convallis Aenean Et. Si');
commit;


--insert to Major_student_linking 
Insert into MAJOR_STUDENT_LINKING (UTEID,MAJOR_ID,DATE_DECLARED) values ('CJO7133',8,to_date('19-DEC-20','DD-MON-RR'));
Insert into MAJOR_STUDENT_LINKING (UTEID,MAJOR_ID,DATE_DECLARED) values ('HBL1790',1,to_date('23-MAR-20','DD-MON-RR'));
Insert into MAJOR_STUDENT_LINKING (UTEID,MAJOR_ID,DATE_DECLARED) values ('HRB3071',10,to_date('24-MAY-20','DD-MON-RR'));
Insert into MAJOR_STUDENT_LINKING (UTEID,MAJOR_ID,DATE_DECLARED) values ('EUC1533',10,to_date('24-JUN-20','DD-MON-RR'));
Insert into MAJOR_STUDENT_LINKING (UTEID,MAJOR_ID,DATE_DECLARED) values ('HUL4767',9,to_date('21-AUG-21','DD-MON-RR'));
Insert into MAJOR_STUDENT_LINKING (UTEID,MAJOR_ID,DATE_DECLARED) values ('JZN5692',5,to_date('25-JUN-20','DD-MON-RR'));
Insert into MAJOR_STUDENT_LINKING (UTEID,MAJOR_ID,DATE_DECLARED) values ('KNB6385',3,to_date('06-SEP-20','DD-MON-RR'));
Insert into MAJOR_STUDENT_LINKING (UTEID,MAJOR_ID,DATE_DECLARED) values ('LKH3280',8,to_date('22-SEP-19','DD-MON-RR'));
Insert into MAJOR_STUDENT_LINKING (UTEID,MAJOR_ID,DATE_DECLARED) values ('CWM5042',3,to_date('08-FEB-20','DD-MON-RR'));
Insert into MAJOR_STUDENT_LINKING (UTEID,MAJOR_ID,DATE_DECLARED) values ('DYP7255',9,to_date('14-FEB-22','DD-MON-RR'));
Insert into MAJOR_STUDENT_LINKING (UTEID,MAJOR_ID,DATE_DECLARED) values ('FUS2325',8,to_date('19-JUN-22','DD-MON-RR'));
Insert into MAJOR_STUDENT_LINKING (UTEID,MAJOR_ID,DATE_DECLARED) values ('SUO1824',7,to_date('27-OCT-20','DD-MON-RR'));
Insert into MAJOR_STUDENT_LINKING (UTEID,MAJOR_ID,DATE_DECLARED) values ('HWO8716',10,to_date('06-APR-22','DD-MON-RR'));
Insert into MAJOR_STUDENT_LINKING (UTEID,MAJOR_ID,DATE_DECLARED) values ('NGN4753',2,to_date('13-OCT-19','DD-MON-RR'));
Insert into MAJOR_STUDENT_LINKING (UTEID,MAJOR_ID,DATE_DECLARED) values ('HC3822',9,to_date('25-JUN-22','DD-MON-RR'));
Insert into MAJOR_STUDENT_LINKING (UTEID,MAJOR_ID,DATE_DECLARED) values ('FZB7597',5,to_date('04-JUN-22','DD-MON-RR'));
Insert into MAJOR_STUDENT_LINKING (UTEID,MAJOR_ID,DATE_DECLARED) values ('DPD7181',8,to_date('13-SEP-21','DD-MON-RR'));
Insert into MAJOR_STUDENT_LINKING (UTEID,MAJOR_ID,DATE_DECLARED) values ('BWM2884',4,to_date('23-JUL-21','DD-MON-RR'));
Insert into MAJOR_STUDENT_LINKING (UTEID,MAJOR_ID,DATE_DECLARED) values ('EP1580',5,to_date('12-APR-22','DD-MON-RR'));
Insert into MAJOR_STUDENT_LINKING (UTEID,MAJOR_ID,DATE_DECLARED) values ('NHH3714',9,to_date('23-OCT-19','DD-MON-RR'));
Insert into MAJOR_STUDENT_LINKING (UTEID,MAJOR_ID,DATE_DECLARED) values ('SKT372',9,to_date('11-MAY-20','DD-MON-RR'));
Insert into MAJOR_STUDENT_LINKING (UTEID,MAJOR_ID,DATE_DECLARED) values ('AOP5181',6,to_date('03-JUN-21','DD-MON-RR'));
Insert into MAJOR_STUDENT_LINKING (UTEID,MAJOR_ID,DATE_DECLARED) values ('HNP7794',10,to_date('20-OCT-19','DD-MON-RR'));
Insert into MAJOR_STUDENT_LINKING (UTEID,MAJOR_ID,DATE_DECLARED) values ('MD475',3,to_date('11-MAR-22','DD-MON-RR'));
Insert into MAJOR_STUDENT_LINKING (UTEID,MAJOR_ID,DATE_DECLARED) values ('MF752',10,to_date('23-MAY-22','DD-MON-RR'));
Insert into MAJOR_STUDENT_LINKING (UTEID,MAJOR_ID,DATE_DECLARED) values ('SRD8635',2,to_date('09-MAR-22','DD-MON-RR'));
Insert into MAJOR_STUDENT_LINKING (UTEID,MAJOR_ID,DATE_DECLARED) values ('PPT8644',6,to_date('04-JAN-22','DD-MON-RR'));
Insert into MAJOR_STUDENT_LINKING (UTEID,MAJOR_ID,DATE_DECLARED) values ('AGE2618',2,to_date('17-NOV-19','DD-MON-RR'));
Insert into MAJOR_STUDENT_LINKING (UTEID,MAJOR_ID,DATE_DECLARED) values ('TIH4353',8,to_date('01-MAR-21','DD-MON-RR'));
Insert into MAJOR_STUDENT_LINKING (UTEID,MAJOR_ID,DATE_DECLARED) values ('CWP4881',8,to_date('13-JAN-20','DD-MON-RR'));
Insert into MAJOR_STUDENT_LINKING (UTEID,MAJOR_ID,DATE_DECLARED) values ('OE8609',3,to_date('14-OCT-19','DD-MON-RR'));
Insert into MAJOR_STUDENT_LINKING (UTEID,MAJOR_ID,DATE_DECLARED) values ('MIG4064',3,to_date('01-AUG-22','DD-MON-RR'));
Insert into MAJOR_STUDENT_LINKING (UTEID,MAJOR_ID,DATE_DECLARED) values ('CL5219',9,to_date('11-FEB-21','DD-MON-RR'));
Insert into MAJOR_STUDENT_LINKING (UTEID,MAJOR_ID,DATE_DECLARED) values ('RT5607',6,to_date('10-OCT-19','DD-MON-RR'));
Insert into MAJOR_STUDENT_LINKING (UTEID,MAJOR_ID,DATE_DECLARED) values ('HUS2085',8,to_date('30-OCT-21','DD-MON-RR'));
Insert into MAJOR_STUDENT_LINKING (UTEID,MAJOR_ID,DATE_DECLARED) values ('DFM831',8,to_date('18-FEB-20','DD-MON-RR'));
Insert into MAJOR_STUDENT_LINKING (UTEID,MAJOR_ID,DATE_DECLARED) values ('KHT8834',11,to_date('04-FEB-22','DD-MON-RR'));
Insert into MAJOR_STUDENT_LINKING (UTEID,MAJOR_ID,DATE_DECLARED) values ('BBS7723',12,to_date('26-JUL-22','DD-MON-RR'));
Insert into MAJOR_STUDENT_LINKING (UTEID,MAJOR_ID,DATE_DECLARED) values ('HXC8739',11,to_date('21-JUN-21','DD-MON-RR'));
Insert into MAJOR_STUDENT_LINKING (UTEID,MAJOR_ID,DATE_DECLARED) values ('LIE698',11,to_date('26-NOV-20','DD-MON-RR'));
Insert into MAJOR_STUDENT_LINKING (UTEID,MAJOR_ID,DATE_DECLARED) values ('DJD5383',11,to_date('26-DEC-19','DD-MON-RR'));
Insert into MAJOR_STUDENT_LINKING (UTEID,MAJOR_ID,DATE_DECLARED) values ('CS5222',12,to_date('24-SEP-21','DD-MON-RR'));
Insert into MAJOR_STUDENT_LINKING (UTEID,MAJOR_ID,DATE_DECLARED) values ('GCH8371',12,to_date('25-JUN-22','DD-MON-RR'));
Insert into MAJOR_STUDENT_LINKING (UTEID,MAJOR_ID,DATE_DECLARED) values ('MRB3622',11,to_date('28-OCT-21','DD-MON-RR'));
Insert into MAJOR_STUDENT_LINKING (UTEID,MAJOR_ID,DATE_DECLARED) values ('ATP1691',11,to_date('06-OCT-21','DD-MON-RR'));
Insert into MAJOR_STUDENT_LINKING (UTEID,MAJOR_ID,DATE_DECLARED) values ('WB4141',12,to_date('15-MAY-22','DD-MON-RR'));
Insert into MAJOR_STUDENT_LINKING (UTEID,MAJOR_ID,DATE_DECLARED) values ('LC2821',11,to_date('13-JAN-22','DD-MON-RR'));
Insert into MAJOR_STUDENT_LINKING (UTEID,MAJOR_ID,DATE_DECLARED) values ('ALB739',12,to_date('04-OCT-21','DD-MON-RR'));
Insert into MAJOR_STUDENT_LINKING (UTEID,MAJOR_ID,DATE_DECLARED) values ('VB3012',11,to_date('29-JUL-22','DD-MON-RR'));
Insert into MAJOR_STUDENT_LINKING (UTEID,MAJOR_ID,DATE_DECLARED) values ('PVC5380',11,to_date('08-AUG-21','DD-MON-RR'));
Insert into MAJOR_STUDENT_LINKING (UTEID,MAJOR_ID,DATE_DECLARED) values ('ZD226',11,to_date('23-JUL-20','DD-MON-RR'));
Insert into MAJOR_STUDENT_LINKING (UTEID,MAJOR_ID,DATE_DECLARED) values ('DM7276',11,to_date('17-NOV-20','DD-MON-RR'));
Insert into MAJOR_STUDENT_LINKING (UTEID,MAJOR_ID,DATE_DECLARED) values ('BSD1974',11,to_date('04-OCT-20','DD-MON-RR'));
Insert into MAJOR_STUDENT_LINKING (UTEID,MAJOR_ID,DATE_DECLARED) values ('BDS8882',12,to_date('28-OCT-21','DD-MON-RR'));
Insert into MAJOR_STUDENT_LINKING (UTEID,MAJOR_ID,DATE_DECLARED) values ('CGA4872',11,to_date('05-NOV-21','DD-MON-RR'));
Insert into MAJOR_STUDENT_LINKING (UTEID,MAJOR_ID,DATE_DECLARED) values ('MD2262',11,to_date('21-SEP-21','DD-MON-RR'));
Insert into MAJOR_STUDENT_LINKING (UTEID,MAJOR_ID,DATE_DECLARED) values ('AIK5362',12,to_date('28-MAR-22','DD-MON-RR'));
Insert into MAJOR_STUDENT_LINKING (UTEID,MAJOR_ID,DATE_DECLARED) values ('RV3222',12,to_date('13-MAR-22','DD-MON-RR'));
Insert into MAJOR_STUDENT_LINKING (UTEID,MAJOR_ID,DATE_DECLARED) values ('EWW1557',12,to_date('06-AUG-22','DD-MON-RR'));
Insert into MAJOR_STUDENT_LINKING (UTEID,MAJOR_ID,DATE_DECLARED) values ('PIS7306',11,to_date('05-JAN-21','DD-MON-RR'));
Insert into MAJOR_STUDENT_LINKING (UTEID,MAJOR_ID,DATE_DECLARED) values ('RNS2736',11,to_date('05-NOV-20','DD-MON-RR'));
Insert into MAJOR_STUDENT_LINKING (UTEID,MAJOR_ID,DATE_DECLARED) values ('FXJ5022',11,to_date('24-MAY-21','DD-MON-RR'));
Insert into MAJOR_STUDENT_LINKING (UTEID,MAJOR_ID,DATE_DECLARED) values ('RIR4875',11,to_date('21-SEP-21','DD-MON-RR'));
Insert into MAJOR_STUDENT_LINKING (UTEID,MAJOR_ID,DATE_DECLARED) values ('MWB1058',11,to_date('25-NOV-21','DD-MON-RR'));
Insert into MAJOR_STUDENT_LINKING (UTEID,MAJOR_ID,DATE_DECLARED) values ('NPW3829',12,to_date('20-AUG-20','DD-MON-RR'));
Insert into MAJOR_STUDENT_LINKING (UTEID,MAJOR_ID,DATE_DECLARED) values ('GHA905',12,to_date('05-FEB-21','DD-MON-RR'));
Insert into MAJOR_STUDENT_LINKING (UTEID,MAJOR_ID,DATE_DECLARED) values ('CEM7954',11,to_date('16-JUL-21','DD-MON-RR'));
Insert into MAJOR_STUDENT_LINKING (UTEID,MAJOR_ID,DATE_DECLARED) values ('RH6451',12,to_date('10-FEB-20','DD-MON-RR'));
Insert into MAJOR_STUDENT_LINKING (UTEID,MAJOR_ID,DATE_DECLARED) values ('DMD8519',11,to_date('02-DEC-19','DD-MON-RR'));
Insert into MAJOR_STUDENT_LINKING (UTEID,MAJOR_ID,DATE_DECLARED) values ('FUA1806',12,to_date('08-FEB-22','DD-MON-RR'));
Insert into MAJOR_STUDENT_LINKING (UTEID,MAJOR_ID,DATE_DECLARED) values ('ASS4987',12,to_date('15-APR-21','DD-MON-RR'));
Insert into MAJOR_STUDENT_LINKING (UTEID,MAJOR_ID,DATE_DECLARED) values ('SD7443',12,to_date('25-MAR-22','DD-MON-RR'));
Insert into MAJOR_STUDENT_LINKING (UTEID,MAJOR_ID,DATE_DECLARED) values ('GIB2079',13,to_date('26-NOV-20','DD-MON-RR'));
Insert into MAJOR_STUDENT_LINKING (UTEID,MAJOR_ID,DATE_DECLARED) values ('FS4362',13,to_date('04-AUG-20','DD-MON-RR'));
Insert into MAJOR_STUDENT_LINKING (UTEID,MAJOR_ID,DATE_DECLARED) values ('SXH6677',13,to_date('12-AUG-22','DD-MON-RR'));
Insert into MAJOR_STUDENT_LINKING (UTEID,MAJOR_ID,DATE_DECLARED) values ('CUT1308',13,to_date('24-OCT-19','DD-MON-RR'));
Insert into MAJOR_STUDENT_LINKING (UTEID,MAJOR_ID,DATE_DECLARED) values ('KB4424',13,to_date('28-JUL-20','DD-MON-RR'));
Insert into MAJOR_STUDENT_LINKING (UTEID,MAJOR_ID,DATE_DECLARED) values ('AS1876',13,to_date('25-SEP-20','DD-MON-RR'));
Insert into MAJOR_STUDENT_LINKING (UTEID,MAJOR_ID,DATE_DECLARED) values ('VS5659',13,to_date('23-SEP-19','DD-MON-RR'));
Insert into MAJOR_STUDENT_LINKING (UTEID,MAJOR_ID,DATE_DECLARED) values ('KMF6130',13,to_date('01-DEC-20','DD-MON-RR'));
Insert into MAJOR_STUDENT_LINKING (UTEID,MAJOR_ID,DATE_DECLARED) values ('HCL7626',13,to_date('25-JUN-22','DD-MON-RR'));
Insert into MAJOR_STUDENT_LINKING (UTEID,MAJOR_ID,DATE_DECLARED) values ('DGD2491',13,to_date('31-DEC-19','DD-MON-RR'));
Insert into MAJOR_STUDENT_LINKING (UTEID,MAJOR_ID,DATE_DECLARED) values ('WGB5563',13,to_date('08-APR-20','DD-MON-RR'));
Insert into MAJOR_STUDENT_LINKING (UTEID,MAJOR_ID,DATE_DECLARED) values ('BM7466',13,to_date('12-APR-21','DD-MON-RR'));
Insert into MAJOR_STUDENT_LINKING (UTEID,MAJOR_ID,DATE_DECLARED) values ('IQE5747',13,to_date('23-NOV-20','DD-MON-RR'));
commit;


--insert to Teacher
Insert into TEACHER (UTEID,FIRST_NAME,LAST_NAME,EMAIL,PRIMARY_DEPT,PRIMARY_TITLE,OFFICE_PHONE,OFFICE_LOCATION,OFFICE_ADDRESS_1,OFFICE_ADDRESS_2,OFFICE_CITY,OFFICE_STATE,OFFICE_ZIP,CAMPUS_MAIL_CODE) values ('MOUNTFORDM','Mallissa','Mountford','mmountfordnp@mccombs.utexas.edu','ACC','L','512-471-8957','CBA 4.118','1600 Speedway Ave','Suite 400','Austin','TX','78712','B6400');
Insert into TEACHER (UTEID,FIRST_NAME,LAST_NAME,EMAIL,PRIMARY_DEPT,PRIMARY_TITLE,OFFICE_PHONE,OFFICE_LOCATION,OFFICE_ADDRESS_1,OFFICE_ADDRESS_2,OFFICE_CITY,OFFICE_STATE,OFFICE_ZIP,CAMPUS_MAIL_CODE) values ('CBO934','Cosetta','Bonds','cbondsnq@mccombs.utexas.edu','ACC','SL','512-471-4983','CBA 4.104','1600 Speedway Ave','Suite 400','Austin','TX','78712','B6400');
Insert into TEACHER (UTEID,FIRST_NAME,LAST_NAME,EMAIL,PRIMARY_DEPT,PRIMARY_TITLE,OFFICE_PHONE,OFFICE_LOCATION,OFFICE_ADDRESS_1,OFFICE_ADDRESS_2,OFFICE_CITY,OFFICE_STATE,OFFICE_ZIP,CAMPUS_MAIL_CODE) values ('MZO742','Meir','Zottoli','mzottolinr@mccombs.utexas.edu','ACC','DSL','512-471-7179','CBA 4.132','1600 Speedway Ave','Suite 400','Austin','TX','78712','B6400');
Insert into TEACHER (UTEID,FIRST_NAME,LAST_NAME,EMAIL,PRIMARY_DEPT,PRIMARY_TITLE,OFFICE_PHONE,OFFICE_LOCATION,OFFICE_ADDRESS_1,OFFICE_ADDRESS_2,OFFICE_CITY,OFFICE_STATE,OFFICE_ZIP,CAMPUS_MAIL_CODE) values ('CONCANNONG','Gabie','Concannon','gconcannonns@mccombs.utexas.edu','ACC','AP','512-472-2478','CBA 4.119','1600 Speedway Ave','Suite 400','Austin','TX','78712','B6400');
Insert into TEACHER (UTEID,FIRST_NAME,LAST_NAME,EMAIL,PRIMARY_DEPT,PRIMARY_TITLE,OFFICE_PHONE,OFFICE_LOCATION,OFFICE_ADDRESS_1,OFFICE_ADDRESS_2,OFFICE_CITY,OFFICE_STATE,OFFICE_ZIP,CAMPUS_MAIL_CODE) values ('LSE756','Luca','Semon','lsemonnt@mccombs.utexas.edu','ACC','ASP','512-472-1985','CBA 4.143','1600 Speedway Ave','Suite 400','Austin','TX','78712','B6400');
Insert into TEACHER (UTEID,FIRST_NAME,LAST_NAME,EMAIL,PRIMARY_DEPT,PRIMARY_TITLE,OFFICE_PHONE,OFFICE_LOCATION,OFFICE_ADDRESS_1,OFFICE_ADDRESS_2,OFFICE_CITY,OFFICE_STATE,OFFICE_ZIP,CAMPUS_MAIL_CODE) values ('FILESB','Batsheva','Files','bfilesnu@mccombs.utexas.edu','ACC','P','512-471-3964','CBA 4.103','1600 Speedway Ave','Suite 400','Austin','TX','78712','B6400');
Insert into TEACHER (UTEID,FIRST_NAME,LAST_NAME,EMAIL,PRIMARY_DEPT,PRIMARY_TITLE,OFFICE_PHONE,OFFICE_LOCATION,OFFICE_ADDRESS_1,OFFICE_ADDRESS_2,OFFICE_CITY,OFFICE_STATE,OFFICE_ZIP,CAMPUS_MAIL_CODE) values ('VCO216','Van','Comino','vcominonv@mccombs.utexas.edu','ACC','L','512-472-6269','CBA 4.100','1600 Speedway Ave','Suite 400','Austin','TX','78712','B6400');
Insert into TEACHER (UTEID,FIRST_NAME,LAST_NAME,EMAIL,PRIMARY_DEPT,PRIMARY_TITLE,OFFICE_PHONE,OFFICE_LOCATION,OFFICE_ADDRESS_1,OFFICE_ADDRESS_2,OFFICE_CITY,OFFICE_STATE,OFFICE_ZIP,CAMPUS_MAIL_CODE) values ('TICHNERD','Dotti','Tichner','dtichnernw@mccombs.utexas.edu','ACC','SL','512-471-7217','CBA 4.134','1600 Speedway Ave','Suite 400','Austin','TX','78712','B6400');
Insert into TEACHER (UTEID,FIRST_NAME,LAST_NAME,EMAIL,PRIMARY_DEPT,PRIMARY_TITLE,OFFICE_PHONE,OFFICE_LOCATION,OFFICE_ADDRESS_1,OFFICE_ADDRESS_2,OFFICE_CITY,OFFICE_STATE,OFFICE_ZIP,CAMPUS_MAIL_CODE) values ('RRE328','Rutter','Renahan','rrenahannx@mccombs.utexas.edu','ACC','DSL','512-471-4364','CBA 4.121','1600 Speedway Ave','Suite 400','Austin','TX','78712','B6400');
Insert into TEACHER (UTEID,FIRST_NAME,LAST_NAME,EMAIL,PRIMARY_DEPT,PRIMARY_TITLE,OFFICE_PHONE,OFFICE_LOCATION,OFFICE_ADDRESS_1,OFFICE_ADDRESS_2,OFFICE_CITY,OFFICE_STATE,OFFICE_ZIP,CAMPUS_MAIL_CODE) values ('COTILLARDK','Karolina','Cotillard','kcotillardny@mccombs.utexas.edu','ACC','AP','512-472-8584','CBA 4.112','1600 Speedway Ave','Suite 400','Austin','TX','78712','B6400');
Insert into TEACHER (UTEID,FIRST_NAME,LAST_NAME,EMAIL,PRIMARY_DEPT,PRIMARY_TITLE,OFFICE_PHONE,OFFICE_LOCATION,OFFICE_ADDRESS_1,OFFICE_ADDRESS_2,OFFICE_CITY,OFFICE_STATE,OFFICE_ZIP,CAMPUS_MAIL_CODE) values ('AST573','Andy','Stobbie','astobbienz@mccombs.utexas.edu','ACC','ASP','512-472-9590','CBA 4.118','1600 Speedway Ave','Suite 400','Austin','TX','78712','B6400');
Insert into TEACHER (UTEID,FIRST_NAME,LAST_NAME,EMAIL,PRIMARY_DEPT,PRIMARY_TITLE,OFFICE_PHONE,OFFICE_LOCATION,OFFICE_ADDRESS_1,OFFICE_ADDRESS_2,OFFICE_CITY,OFFICE_STATE,OFFICE_ZIP,CAMPUS_MAIL_CODE) values ('STILLMANE','Ede','Stillman','estillmano0@mccombs.utexas.edu','ACC','P','512-472-2538','CBA 4.111','1600 Speedway Ave','Suite 400','Austin','TX','78712','B6400');
Insert into TEACHER (UTEID,FIRST_NAME,LAST_NAME,EMAIL,PRIMARY_DEPT,PRIMARY_TITLE,OFFICE_PHONE,OFFICE_LOCATION,OFFICE_ADDRESS_1,OFFICE_ADDRESS_2,OFFICE_CITY,OFFICE_STATE,OFFICE_ZIP,CAMPUS_MAIL_CODE) values ('LMC653','Leigh','McMichan','lmcmichano1@mccombs.utexas.edu','ACC','L','512-472-9943','CBA 4.135','1600 Speedway Ave','Suite 400','Austin','TX','78712','B6400');
Insert into TEACHER (UTEID,FIRST_NAME,LAST_NAME,EMAIL,PRIMARY_DEPT,PRIMARY_TITLE,OFFICE_PHONE,OFFICE_LOCATION,OFFICE_ADDRESS_1,OFFICE_ADDRESS_2,OFFICE_CITY,OFFICE_STATE,OFFICE_ZIP,CAMPUS_MAIL_CODE) values ('GYSED','Dougie','Gyse','dgyseoc@austin.utexas.edu','COE','P','512-471-6188','EEG 6.150','1812 San Jancinto Dr',null,'Austin','TX','78710','A6100');
Insert into TEACHER (UTEID,FIRST_NAME,LAST_NAME,EMAIL,PRIMARY_DEPT,PRIMARY_TITLE,OFFICE_PHONE,OFFICE_LOCATION,OFFICE_ADDRESS_1,OFFICE_ADDRESS_2,OFFICE_CITY,OFFICE_STATE,OFFICE_ZIP,CAMPUS_MAIL_CODE) values ('BPU397','Burr','Purvey','bpurveyod@austin.utexas.edu','COE','AP','512-471-1986','EEG 6.131','1812 San Jancinto Dr',null,'Austin','TX','78710','A6100');
Insert into TEACHER (UTEID,FIRST_NAME,LAST_NAME,EMAIL,PRIMARY_DEPT,PRIMARY_TITLE,OFFICE_PHONE,OFFICE_LOCATION,OFFICE_ADDRESS_1,OFFICE_ADDRESS_2,OFFICE_CITY,OFFICE_STATE,OFFICE_ZIP,CAMPUS_MAIL_CODE) values ('DUMPHREYJ','Jami','Dumphrey','jdumphreyoe@austin.utexas.edu','COE','ASP','512-472-3336','EEG 6.117','1812 San Jancinto Dr',null,'Austin','TX','78710','A6100');
Insert into TEACHER (UTEID,FIRST_NAME,LAST_NAME,EMAIL,PRIMARY_DEPT,PRIMARY_TITLE,OFFICE_PHONE,OFFICE_LOCATION,OFFICE_ADDRESS_1,OFFICE_ADDRESS_2,OFFICE_CITY,OFFICE_STATE,OFFICE_ZIP,CAMPUS_MAIL_CODE) values ('NES407','Nissa','Espinay','nespinayof@austin.utexas.edu','COE','P','512-471-3206','EEG 6.150','1812 San Jancinto Dr',null,'Austin','TX','78710','A6100');
Insert into TEACHER (UTEID,FIRST_NAME,LAST_NAME,EMAIL,PRIMARY_DEPT,PRIMARY_TITLE,OFFICE_PHONE,OFFICE_LOCATION,OFFICE_ADDRESS_1,OFFICE_ADDRESS_2,OFFICE_CITY,OFFICE_STATE,OFFICE_ZIP,CAMPUS_MAIL_CODE) values ('DOUBLEO','Oberon','Double','odoubleog@austin.utexas.edu','COE','AP','512-472-6333','EEG 6.136','1812 San Jancinto Dr',null,'Austin','TX','78710','A6100');
Insert into TEACHER (UTEID,FIRST_NAME,LAST_NAME,EMAIL,PRIMARY_DEPT,PRIMARY_TITLE,OFFICE_PHONE,OFFICE_LOCATION,OFFICE_ADDRESS_1,OFFICE_ADDRESS_2,OFFICE_CITY,OFFICE_STATE,OFFICE_ZIP,CAMPUS_MAIL_CODE) values ('HGU549','Hermon','Gudgeon','hgudgeonoh@austin.utexas.edu','ECE','ASP','512-472-5903','EEG 6.111','1812 San Jancinto Dr',null,'Austin','TX','78710','A6200');
Insert into TEACHER (UTEID,FIRST_NAME,LAST_NAME,EMAIL,PRIMARY_DEPT,PRIMARY_TITLE,OFFICE_PHONE,OFFICE_LOCATION,OFFICE_ADDRESS_1,OFFICE_ADDRESS_2,OFFICE_CITY,OFFICE_STATE,OFFICE_ZIP,CAMPUS_MAIL_CODE) values ('BROCKLEHUW','Woodrow','Brocklehurst','wbrocklehurstoi@austin.utexas.edu','ECE','P','512-472-8541','EEG 6.145','1812 San Jancinto Dr',null,'Austin','TX','78710','A6200');
INSERT INTO TEACHER (UTEID, FIRST_NAME, LAST_NAME, EMAIL, PRIMARY_DEPT, PRIMARY_TITLE, OFFICE_PHONE, OFFICE_LOCATION, OFFICE_ADDRESS_1, OFFICE_ADDRESS_2, OFFICE_CITY, OFFICE_STATE, OFFICE_ZIP, CAMPUS_MAIL_CODE) VALUES ('KSH842','Keane','Shorbrook','kshorbrookoj@austin.utexas.edu','ECE','AP','512-471-2163','EEG 6.118','1812 San Jancinto Dr',NULL,'Austin','TX','78710','A6200');
INSERT INTO TEACHER (UTEID, FIRST_NAME, LAST_NAME, EMAIL, PRIMARY_DEPT, PRIMARY_TITLE, OFFICE_PHONE, OFFICE_LOCATION, OFFICE_ADDRESS_1, OFFICE_ADDRESS_2, OFFICE_CITY, OFFICE_STATE, OFFICE_ZIP, CAMPUS_MAIL_CODE) VALUES ('GATCHELA','Adair','Gatchel','agatchelok@austin.utexas.edu','ECE','ASP','512-471-3390','EEG 6.133','1812 San Jancinto Dr',NULL,'Austin','TX','78710','A6200');
INSERT INTO TEACHER (UTEID, FIRST_NAME, LAST_NAME, EMAIL, PRIMARY_DEPT, PRIMARY_TITLE, OFFICE_PHONE, OFFICE_LOCATION, OFFICE_ADDRESS_1, OFFICE_ADDRESS_2, OFFICE_CITY, OFFICE_STATE, OFFICE_ZIP, CAMPUS_MAIL_CODE) VALUES ('SBE695','Skyler','Belz','sbelzol@austin.utexas.edu','ECE','P','512-472-8658','EEG 6.144','1812 San Jancinto Dr',NULL,'Austin','TX','78710','A6200');
INSERT INTO TEACHER (UTEID, FIRST_NAME, LAST_NAME, EMAIL, PRIMARY_DEPT, PRIMARY_TITLE, OFFICE_PHONE, OFFICE_LOCATION, OFFICE_ADDRESS_1, OFFICE_ADDRESS_2, OFFICE_CITY, OFFICE_STATE, OFFICE_ZIP, CAMPUS_MAIL_CODE) VALUES ('BENMOREA','Andy','Benmore','abenmoreom@austin.utexas.edu','ECE','AP','512-472-8564','EEG 6.138','1812 San Jancinto Dr',NULL,'Austin','TX','78710','A6200');
INSERT INTO TEACHER (UTEID, FIRST_NAME, LAST_NAME, EMAIL, PRIMARY_DEPT, PRIMARY_TITLE, OFFICE_PHONE, OFFICE_LOCATION, OFFICE_ADDRESS_1, OFFICE_ADDRESS_2, OFFICE_CITY, OFFICE_STATE, OFFICE_ZIP, CAMPUS_MAIL_CODE) VALUES ('ODE723','Ollie','de Juares','odejuareson@austin.utexas.edu','ECE','ASP','512-471-3361','EEG 6.138','1812 San Jancinto Dr',NULL,'Austin','TX','78710','A6200');
INSERT INTO TEACHER (UTEID, FIRST_NAME, LAST_NAME, EMAIL, PRIMARY_DEPT, PRIMARY_TITLE, OFFICE_PHONE, OFFICE_LOCATION, OFFICE_ADDRESS_1, OFFICE_ADDRESS_2, OFFICE_CITY, OFFICE_STATE, OFFICE_ZIP, CAMPUS_MAIL_CODE) VALUES ('KIEBESR','Renell','Kiebes','rkiebesoo@austin.utexas.edu','ECE','P','512-472-9835','EEG 6.135','1812 San Jancinto Dr',NULL,'Austin','TX','78710','A6200');
INSERT INTO TEACHER (UTEID, FIRST_NAME, LAST_NAME, EMAIL, PRIMARY_DEPT, PRIMARY_TITLE, OFFICE_PHONE, OFFICE_LOCATION, OFFICE_ADDRESS_1, OFFICE_ADDRESS_2, OFFICE_CITY, OFFICE_STATE, OFFICE_ZIP, CAMPUS_MAIL_CODE) VALUES ('GARIOCHH','Hewet','Garioch','hgariochop@austin.utexas.edu','ECE','AP','512-471-3555','EEG 6.128','1812 San Jancinto Dr',NULL,'Austin','TX','78710','A6200');
INSERT INTO TEACHER (UTEID, FIRST_NAME, LAST_NAME, EMAIL, PRIMARY_DEPT, PRIMARY_TITLE, OFFICE_PHONE, OFFICE_LOCATION, OFFICE_ADDRESS_1, OFFICE_ADDRESS_2, OFFICE_CITY, OFFICE_STATE, OFFICE_ZIP, CAMPUS_MAIL_CODE) VALUES ('ADAOL','Letta','Adao','ladaoou@austin.utexas.edu','ECE','P','512-472-9252','EEG 6.121','1812 San Jancinto Dr',NULL,'Austin','TX','78710','A6200');
INSERT INTO TEACHER (UTEID, FIRST_NAME, LAST_NAME, EMAIL, PRIMARY_DEPT, PRIMARY_TITLE, OFFICE_PHONE, OFFICE_LOCATION, OFFICE_ADDRESS_1, OFFICE_ADDRESS_2, OFFICE_CITY, OFFICE_STATE, OFFICE_ZIP, CAMPUS_MAIL_CODE) VALUES ('TBE481','Twila','Berthot','tberthotov@austin.utexas.edu','ECE','AP','512-472-9253','EEG 6.145','1812 San Jancinto Dr',NULL,'Austin','TX','78710','A6200');
INSERT INTO TEACHER (UTEID, FIRST_NAME, LAST_NAME, EMAIL, PRIMARY_DEPT, PRIMARY_TITLE, OFFICE_PHONE, OFFICE_LOCATION, OFFICE_ADDRESS_1, OFFICE_ADDRESS_2, OFFICE_CITY, OFFICE_STATE, OFFICE_ZIP, CAMPUS_MAIL_CODE) VALUES ('HARRILLB','Bertha','Harrill','bharrillow@austin.utexas.edu','ECE','ASP','512-472-9254','EEG 6.125','1812 San Jancinto Dr',NULL,'Austin','TX','78710','A6200');
INSERT INTO TEACHER (UTEID, FIRST_NAME, LAST_NAME, EMAIL, PRIMARY_DEPT, PRIMARY_TITLE, OFFICE_PHONE, OFFICE_LOCATION, OFFICE_ADDRESS_1, OFFICE_ADDRESS_2, OFFICE_CITY, OFFICE_STATE, OFFICE_ZIP, CAMPUS_MAIL_CODE) VALUES ('PHU354','Phylys','Huson','phusonox@austin.utexas.edu','ECE','P','512-472-9255','EEG 6.102','1812 San Jancinto Dr',NULL,'Austin','TX','78710','A6200');
INSERT INTO TEACHER (UTEID, FIRST_NAME, LAST_NAME, EMAIL, PRIMARY_DEPT, PRIMARY_TITLE, OFFICE_PHONE, OFFICE_LOCATION, OFFICE_ADDRESS_1, OFFICE_ADDRESS_2, OFFICE_CITY, OFFICE_STATE, OFFICE_ZIP, CAMPUS_MAIL_CODE) VALUES ('ROSITAL','Luciano','Rosita','lrositaoy@austin.utexas.edu','ECE','AP','512-472-9256','EEG 6.109','1812 San Jancinto Dr',NULL,'Austin','TX','78710','A6200');
INSERT INTO TEACHER (UTEID, FIRST_NAME, LAST_NAME, EMAIL, PRIMARY_DEPT, PRIMARY_TITLE, OFFICE_PHONE, OFFICE_LOCATION, OFFICE_ADDRESS_1, OFFICE_ADDRESS_2, OFFICE_CITY, OFFICE_STATE, OFFICE_ZIP, CAMPUS_MAIL_CODE) VALUES ('HADLINGTOE','Emelia','Hadlington','ehadlingtonoq@austin.utexas.edu','INF','ASP','512-471-9007','LBJ 2.135','1010 Red River Dr','IS Dept','Austin','TX','78710','C1201');
INSERT INTO TEACHER (UTEID, FIRST_NAME, LAST_NAME, EMAIL, PRIMARY_DEPT, PRIMARY_TITLE, OFFICE_PHONE, OFFICE_LOCATION, OFFICE_ADDRESS_1, OFFICE_ADDRESS_2, OFFICE_CITY, OFFICE_STATE, OFFICE_ZIP, CAMPUS_MAIL_CODE) VALUES ('WUDELANDM','Marwin','Wudeland','mwudelandor@austin.utexas.edu','INF','P','512-472-2181','LBJ 2.148','1600 Speedway','IS Dept','Austin','TX','78710','C1201');
INSERT INTO TEACHER (UTEID, FIRST_NAME, LAST_NAME, EMAIL, PRIMARY_DEPT, PRIMARY_TITLE, OFFICE_PHONE, OFFICE_LOCATION, OFFICE_ADDRESS_1, OFFICE_ADDRESS_2, OFFICE_CITY, OFFICE_STATE, OFFICE_ZIP, CAMPUS_MAIL_CODE) VALUES ('RRA873','Rozanne','Raitie','rraitieos@austin.utexas.edu','INF','AP','512-472-7170','LBJ 2.146','1600 Speedway','IS Dept','Austin','TX','78710','C1201');
INSERT INTO TEACHER (UTEID, FIRST_NAME, LAST_NAME, EMAIL, PRIMARY_DEPT, PRIMARY_TITLE, OFFICE_PHONE, OFFICE_LOCATION, OFFICE_ADDRESS_1, OFFICE_ADDRESS_2, OFFICE_CITY, OFFICE_STATE, OFFICE_ZIP, CAMPUS_MAIL_CODE) VALUES ('ESE587','Emili','Segoe','esegoeot@austin.utexas.edu','INF','ASP','512-472-9251','LBJ 2.139','1600 Speedway','IS Dept','Austin','TX','78710','C1201');
INSERT INTO TEACHER (UTEID, FIRST_NAME, LAST_NAME, EMAIL, PRIMARY_DEPT, PRIMARY_TITLE, OFFICE_PHONE, OFFICE_LOCATION, OFFICE_ADDRESS_1, OFFICE_ADDRESS_2, OFFICE_CITY, OFFICE_STATE, OFFICE_ZIP, CAMPUS_MAIL_CODE) VALUES ('PFI873','Petr','Fiddler','pfiddleroz@austin.utexas.edu','INF','ASP','512-472-9257','LBJ 2.131','1600 Speedway','IS Dept','Austin','TX','78710','C1201');
INSERT INTO TEACHER (UTEID, FIRST_NAME, LAST_NAME, EMAIL, PRIMARY_DEPT, PRIMARY_TITLE, OFFICE_PHONE, OFFICE_LOCATION, OFFICE_ADDRESS_1, OFFICE_ADDRESS_2, OFFICE_CITY, OFFICE_STATE, OFFICE_ZIP, CAMPUS_MAIL_CODE) VALUES ('SLYW','Wren','Sly','wslyp0@austin.utexas.edu','INF','P','512-472-9258','LBJ 2.108','1600 Speedway','IS Dept','Austin','TX','78710','C1201');
INSERT INTO TEACHER (UTEID, FIRST_NAME, LAST_NAME, EMAIL, PRIMARY_DEPT, PRIMARY_TITLE, OFFICE_PHONE, OFFICE_LOCATION, OFFICE_ADDRESS_1, OFFICE_ADDRESS_2, OFFICE_CITY, OFFICE_STATE, OFFICE_ZIP, CAMPUS_MAIL_CODE) VALUES ('FAHRENBACA','Aidan','Fahrenbach','afahrenbacho2@mccombs.utexas.edu','IROM','SL','512-471-9586','CBA 5.108','1600 Speedway Ave','Suite 500','Austin','TX','78712','B6500');
INSERT INTO TEACHER (UTEID, FIRST_NAME, LAST_NAME, EMAIL, PRIMARY_DEPT, PRIMARY_TITLE, OFFICE_PHONE, OFFICE_LOCATION, OFFICE_ADDRESS_1, OFFICE_ADDRESS_2, OFFICE_CITY, OFFICE_STATE, OFFICE_ZIP, CAMPUS_MAIL_CODE) VALUES ('HDU349','Humbert','Duiguid','hduiguido3@mccombs.utexas.edu','IROM','DSL','512-471-6724','CBA 5.141','1600 Speedway Ave','Suite 500','Austin','TX','78712','B6500');
INSERT INTO TEACHER (UTEID, FIRST_NAME, LAST_NAME, EMAIL, PRIMARY_DEPT, PRIMARY_TITLE, OFFICE_PHONE, OFFICE_LOCATION, OFFICE_ADDRESS_1, OFFICE_ADDRESS_2, OFFICE_CITY, OFFICE_STATE, OFFICE_ZIP, CAMPUS_MAIL_CODE) VALUES ('MCARTED','Darryl','McArte','dmcarteo4@mccombs.utexas.edu','IROM','AP','512-471-4050','CBA 5.146','1600 Speedway Ave','Suite 500','Austin','TX','78712','B6500');
INSERT INTO TEACHER (UTEID, FIRST_NAME, LAST_NAME, EMAIL, PRIMARY_DEPT, PRIMARY_TITLE, OFFICE_PHONE, OFFICE_LOCATION, OFFICE_ADDRESS_1, OFFICE_ADDRESS_2, OFFICE_CITY, OFFICE_STATE, OFFICE_ZIP, CAMPUS_MAIL_CODE) VALUES ('JNI590','John','Nisot','jnisoto5@mccombs.utexas.edu','IROM','ASP','512-471-6864','CBA 5.135','1600 Speedway Ave','Suite 500','Austin','TX','78712','B6500');
INSERT INTO TEACHER (UTEID, FIRST_NAME, LAST_NAME, EMAIL, PRIMARY_DEPT, PRIMARY_TITLE, OFFICE_PHONE, OFFICE_LOCATION, OFFICE_ADDRESS_1, OFFICE_ADDRESS_2, OFFICE_CITY, OFFICE_STATE, OFFICE_ZIP, CAMPUS_MAIL_CODE) VALUES ('HOLLINGDAS','Sarge','Hollingdale','shollingdaleo6@mccombs.utexas.edu','IROM','P','512-472-2191','CBA 5.149','1600 Speedway Ave','Suite 500','Austin','TX','78712','B6500');
INSERT INTO TEACHER (UTEID, FIRST_NAME, LAST_NAME, EMAIL, PRIMARY_DEPT, PRIMARY_TITLE, OFFICE_PHONE, OFFICE_LOCATION, OFFICE_ADDRESS_1, OFFICE_ADDRESS_2, OFFICE_CITY, OFFICE_STATE, OFFICE_ZIP, CAMPUS_MAIL_CODE) VALUES ('WRI307','Wyn','Rickaby','wrickabyo7@mccombs.utexas.edu','IROM','L','512-472-8994','CBA 5.103','1600 Speedway Ave','Suite 500','Austin','TX','78712','B6500');
INSERT INTO TEACHER (UTEID, FIRST_NAME, LAST_NAME, EMAIL, PRIMARY_DEPT, PRIMARY_TITLE, OFFICE_PHONE, OFFICE_LOCATION, OFFICE_ADDRESS_1, OFFICE_ADDRESS_2, OFFICE_CITY, OFFICE_STATE, OFFICE_ZIP, CAMPUS_MAIL_CODE) VALUES ('DREESG','Gennifer','Drees','gdreeso8@mccombs.utexas.edu','IROM','SL','512-472-9504','CBA 5.118','1600 Speedway Ave','Suite 500','Austin','TX','78712','B6500');
INSERT INTO TEACHER (UTEID, FIRST_NAME, LAST_NAME, EMAIL, PRIMARY_DEPT, PRIMARY_TITLE, OFFICE_PHONE, OFFICE_LOCATION, OFFICE_ADDRESS_1, OFFICE_ADDRESS_2, OFFICE_CITY, OFFICE_STATE, OFFICE_ZIP, CAMPUS_MAIL_CODE) VALUES ('MSO181','Myron','Sooley','msooleyo9@mccombs.utexas.edu','IROM','DSL','512-471-4014','CBA 5.125','1600 Speedway Ave','Suite 500','Austin','TX','78712','B6500');
INSERT INTO TEACHER (UTEID, FIRST_NAME, LAST_NAME, EMAIL, PRIMARY_DEPT, PRIMARY_TITLE, OFFICE_PHONE, OFFICE_LOCATION, OFFICE_ADDRESS_1, OFFICE_ADDRESS_2, OFFICE_CITY, OFFICE_STATE, OFFICE_ZIP, CAMPUS_MAIL_CODE) VALUES ('MCTRUSTRAE','Eryn','McTrustram','emctrustramoa@mccombs.utexas.edu','IROM','AP','512-472-5494','CBA 5.109','1600 Speedway Ave','Suite 500','Austin','TX','78712','B6500');
INSERT INTO TEACHER (UTEID, FIRST_NAME, LAST_NAME, EMAIL, PRIMARY_DEPT, PRIMARY_TITLE, OFFICE_PHONE, OFFICE_LOCATION, OFFICE_ADDRESS_1, OFFICE_ADDRESS_2, OFFICE_CITY, OFFICE_STATE, OFFICE_ZIP, CAMPUS_MAIL_CODE) VALUES ('VLI293','Victoir','Lidgertwood','vlidgertwoodob@mccombs.utexas.edu','IROM','ASP','512-471-8050','CBA 5.124','1600 Speedway Ave','Suite 500','Austin','TX','78712','B6500');
commit;
 
 
--insert to Room
Insert into Room (ROOM_ID,BUILDING_CODE,FLOOR,ROOM_NUMBER,MAX_SEATS) values (1,'CBA',3,'3.201',60);
Insert into Room (ROOM_ID,BUILDING_CODE,FLOOR,ROOM_NUMBER,MAX_SEATS) values (2,'CBA',3,'3.202',60);
Insert into Room (ROOM_ID,BUILDING_CODE,FLOOR,ROOM_NUMBER,MAX_SEATS) values (3,'CBA',3,'3.203',60);
Insert into Room (ROOM_ID,BUILDING_CODE,FLOOR,ROOM_NUMBER,MAX_SEATS) values (4,'CBA',3,'3.304',60);
Insert into Room (ROOM_ID,BUILDING_CODE,FLOOR,ROOM_NUMBER,MAX_SEATS) values (5,'CBA',4,'4.201',55);
Insert into Room (ROOM_ID,BUILDING_CODE,FLOOR,ROOM_NUMBER,MAX_SEATS) values (6,'CBA',4,'4.202',55);
Insert into Room (ROOM_ID,BUILDING_CODE,FLOOR,ROOM_NUMBER,MAX_SEATS) values (7,'CBA',4,'4.203',55);
Insert into Room (ROOM_ID,BUILDING_CODE,FLOOR,ROOM_NUMBER,MAX_SEATS) values (8,'CBA',4,'4.304',55);
Insert into Room (ROOM_ID,BUILDING_CODE,FLOOR,ROOM_NUMBER,MAX_SEATS) values (9,'CBA',5,'5.101',120);
Insert into Room (ROOM_ID,BUILDING_CODE,FLOOR,ROOM_NUMBER,MAX_SEATS) values (10,'UTC',2,'2.201',350);
Insert into Room (ROOM_ID,BUILDING_CODE,FLOOR,ROOM_NUMBER,MAX_SEATS) values (11,'UTC',2,'2.202',350);
Insert into Room (ROOM_ID,BUILDING_CODE,FLOOR,ROOM_NUMBER,MAX_SEATS) values (12,'UTC',3,'3.121',60);
Insert into Room (ROOM_ID,BUILDING_CODE,FLOOR,ROOM_NUMBER,MAX_SEATS) values (13,'UTC',3,'3.122',60);
Insert into Room (ROOM_ID,BUILDING_CODE,FLOOR,ROOM_NUMBER,MAX_SEATS) values (14,'UTC',3,'3.123',90);
Insert into Room (ROOM_ID,BUILDING_CODE,FLOOR,ROOM_NUMBER,MAX_SEATS) values (15,'UTC',3,'3.124',90);
Insert into Room (ROOM_ID,BUILDING_CODE,FLOOR,ROOM_NUMBER,MAX_SEATS) values (16,'UTC',3,'3.125',60);
Insert into Room (ROOM_ID,BUILDING_CODE,FLOOR,ROOM_NUMBER,MAX_SEATS) values (17,'UTC',3,'3.126',60);
Insert into Room (ROOM_ID,BUILDING_CODE,FLOOR,ROOM_NUMBER,MAX_SEATS) values (18,'UTC',4,'4.121',60);
Insert into Room (ROOM_ID,BUILDING_CODE,FLOOR,ROOM_NUMBER,MAX_SEATS) values (19,'UTC',4,'4.122',60);
Insert into Room (ROOM_ID,BUILDING_CODE,FLOOR,ROOM_NUMBER,MAX_SEATS) values (20,'UTC',4,'4.123',90);
Insert into Room (ROOM_ID,BUILDING_CODE,FLOOR,ROOM_NUMBER,MAX_SEATS) values (21,'UTC',4,'4.124',90);
Insert into Room (ROOM_ID,BUILDING_CODE,FLOOR,ROOM_NUMBER,MAX_SEATS) values (22,'UTC',4,'4.125',60);
Insert into Room (ROOM_ID,BUILDING_CODE,FLOOR,ROOM_NUMBER,MAX_SEATS) values (23,'UTC',4,'4.126',60);
Insert into Room (ROOM_ID,BUILDING_CODE,FLOOR,ROOM_NUMBER,MAX_SEATS) values (24,'UTC',5,'5.121',60);
Insert into Room (ROOM_ID,BUILDING_CODE,FLOOR,ROOM_NUMBER,MAX_SEATS) values (25,'UTC',5,'5.122',60);
Insert into Room (ROOM_ID,BUILDING_CODE,FLOOR,ROOM_NUMBER,MAX_SEATS) values (26,'UTC',5,'5.123',90);
Insert into Room (ROOM_ID,BUILDING_CODE,FLOOR,ROOM_NUMBER,MAX_SEATS) values (27,'UTC',5,'5.124',90);
Insert into Room (ROOM_ID,BUILDING_CODE,FLOOR,ROOM_NUMBER,MAX_SEATS) values (28,'UTC',5,'5.125',60);
Insert into Room (ROOM_ID,BUILDING_CODE,FLOOR,ROOM_NUMBER,MAX_SEATS) values (29,'UTC',5,'5.126',60);
Insert into Room (ROOM_ID,BUILDING_CODE,FLOOR,ROOM_NUMBER,MAX_SEATS) values (30,'GSB',2,'2.301',75);
Insert into Room (ROOM_ID,BUILDING_CODE,FLOOR,ROOM_NUMBER,MAX_SEATS) values (31,'GSB',2,'2.302',75);
Insert into Room (ROOM_ID,BUILDING_CODE,FLOOR,ROOM_NUMBER,MAX_SEATS) values (32,'GSB',2,'2.303',75);
Insert into Room (ROOM_ID,BUILDING_CODE,FLOOR,ROOM_NUMBER,MAX_SEATS) values (33,'GSB',2,'2.304',75);
Insert into Room (ROOM_ID,BUILDING_CODE,FLOOR,ROOM_NUMBER,MAX_SEATS) values (34,'LBJ',3,'3.301',25);
Insert into Room (ROOM_ID,BUILDING_CODE,FLOOR,ROOM_NUMBER,MAX_SEATS) values (35,'LBJ',3,'3.302',25);
Insert into Room (ROOM_ID,BUILDING_CODE,FLOOR,ROOM_NUMBER,MAX_SEATS) values (36,'LBJ',3,'3.303',25);
Insert into Room (ROOM_ID,BUILDING_CODE,FLOOR,ROOM_NUMBER,MAX_SEATS) values (37,'LBJ',3,'3.304',25);
commit;

--insert to Section
Insert into SECTION (SECTION_ID,COURSE_ID,INSTRUCTOR_UTEID,ROOM_ID,UNIQUE_NUMBER,SEMESTER_CODE,SECTION_DAY,SECTION_HOUR,LENGTH_MINUTES,SECTION_MODE,SEAT_LIMIT,STATUS) values (1001,1,'MOUNTFORDM',1,12640,'FA22','MW',800,90,'F',50,'O');
Insert into SECTION (SECTION_ID,COURSE_ID,INSTRUCTOR_UTEID,ROOM_ID,UNIQUE_NUMBER,SEMESTER_CODE,SECTION_DAY,SECTION_HOUR,LENGTH_MINUTES,SECTION_MODE,SEAT_LIMIT,STATUS) values (1002,1,'CONCANNONG',5,12645,'FA22','TTH',930,90,'F',50,'W');
Insert into SECTION (SECTION_ID,COURSE_ID,INSTRUCTOR_UTEID,ROOM_ID,UNIQUE_NUMBER,SEMESTER_CODE,SECTION_DAY,SECTION_HOUR,LENGTH_MINUTES,SECTION_MODE,SEAT_LIMIT,STATUS) values (1003,1,'MOUNTFORDM',1,12650,'FA22','MW',930,90,'F',50,'C');
Insert into SECTION (SECTION_ID,COURSE_ID,INSTRUCTOR_UTEID,ROOM_ID,UNIQUE_NUMBER,SEMESTER_CODE,SECTION_DAY,SECTION_HOUR,LENGTH_MINUTES,SECTION_MODE,SEAT_LIMIT,STATUS) values (1004,2,'LSE756',3,12655,'FA22','MW',1100,90,'F',40,'O');
Insert into SECTION (SECTION_ID,COURSE_ID,INSTRUCTOR_UTEID,ROOM_ID,UNIQUE_NUMBER,SEMESTER_CODE,SECTION_DAY,SECTION_HOUR,LENGTH_MINUTES,SECTION_MODE,SEAT_LIMIT,STATUS) values (1005,2,'FILESB',3,12660,'FA22','MW',1230,90,'F',40,'C');
Insert into SECTION (SECTION_ID,COURSE_ID,INSTRUCTOR_UTEID,ROOM_ID,UNIQUE_NUMBER,SEMESTER_CODE,SECTION_DAY,SECTION_HOUR,LENGTH_MINUTES,SECTION_MODE,SEAT_LIMIT,STATUS) values (1006,3,'LSE756',6,12665,'FA22','TTH',1100,90,'F',40,'O');
Insert into SECTION (SECTION_ID,COURSE_ID,INSTRUCTOR_UTEID,ROOM_ID,UNIQUE_NUMBER,SEMESTER_CODE,SECTION_DAY,SECTION_HOUR,LENGTH_MINUTES,SECTION_MODE,SEAT_LIMIT,STATUS) values (1007,3,'VCO216',6,12670,'FA22','TTH',1230,90,'F',40,'W');
Insert into SECTION (SECTION_ID,COURSE_ID,INSTRUCTOR_UTEID,ROOM_ID,UNIQUE_NUMBER,SEMESTER_CODE,SECTION_DAY,SECTION_HOUR,LENGTH_MINUTES,SECTION_MODE,SEAT_LIMIT,STATUS) values (1008,4,'TICHNERD',1,12675,'FA22','MW',1400,90,'F',40,'O');
Insert into SECTION (SECTION_ID,COURSE_ID,INSTRUCTOR_UTEID,ROOM_ID,UNIQUE_NUMBER,SEMESTER_CODE,SECTION_DAY,SECTION_HOUR,LENGTH_MINUTES,SECTION_MODE,SEAT_LIMIT,STATUS) values (1009,5,'RRE328',7,12680,'FA22','TTH',1400,90,'F',30,'W');
Insert into SECTION (SECTION_ID,COURSE_ID,INSTRUCTOR_UTEID,ROOM_ID,UNIQUE_NUMBER,SEMESTER_CODE,SECTION_DAY,SECTION_HOUR,LENGTH_MINUTES,SECTION_MODE,SEAT_LIMIT,STATUS) values (1010,6,'COTILLARDK',1,12685,'FA22','W',1700,60,'H',30,'O');
Insert into SECTION (SECTION_ID,COURSE_ID,INSTRUCTOR_UTEID,ROOM_ID,UNIQUE_NUMBER,SEMESTER_CODE,SECTION_DAY,SECTION_HOUR,LENGTH_MINUTES,SECTION_MODE,SEAT_LIMIT,STATUS) values (1011,7,'CBO934',2,12690,'FA22','MW',1100,90,'F',30,'O');
Insert into SECTION (SECTION_ID,COURSE_ID,INSTRUCTOR_UTEID,ROOM_ID,UNIQUE_NUMBER,SEMESTER_CODE,SECTION_DAY,SECTION_HOUR,LENGTH_MINUTES,SECTION_MODE,SEAT_LIMIT,STATUS) values (1012,7,'CBO934',2,12695,'FA22','MW',1230,90,'F',30,'O');
Insert into SECTION (SECTION_ID,COURSE_ID,INSTRUCTOR_UTEID,ROOM_ID,UNIQUE_NUMBER,SEMESTER_CODE,SECTION_DAY,SECTION_HOUR,LENGTH_MINUTES,SECTION_MODE,SEAT_LIMIT,STATUS) values (1013,8,'LMC653',4,12700,'FA22','MW',1100,90,'F',30,'O');
Insert into SECTION (SECTION_ID,COURSE_ID,INSTRUCTOR_UTEID,ROOM_ID,UNIQUE_NUMBER,SEMESTER_CODE,SECTION_DAY,SECTION_HOUR,LENGTH_MINUTES,SECTION_MODE,SEAT_LIMIT,STATUS) values (1014,9,'STILLMANE',8,12705,'FA22','TTH',1400,90,'F',30,'O');
Insert into SECTION (SECTION_ID,COURSE_ID,INSTRUCTOR_UTEID,ROOM_ID,UNIQUE_NUMBER,SEMESTER_CODE,SECTION_DAY,SECTION_HOUR,LENGTH_MINUTES,SECTION_MODE,SEAT_LIMIT,STATUS) values (1015,38,'FAHRENBACA',12,12710,'FA22','TTH',930,90,'F',45,'O');
Insert into SECTION (SECTION_ID,COURSE_ID,INSTRUCTOR_UTEID,ROOM_ID,UNIQUE_NUMBER,SEMESTER_CODE,SECTION_DAY,SECTION_HOUR,LENGTH_MINUTES,SECTION_MODE,SEAT_LIMIT,STATUS) values (1016,38,'FAHRENBACA',12,12715,'FA22','TTH',1100,90,'F',45,'O');
Insert into SECTION (SECTION_ID,COURSE_ID,INSTRUCTOR_UTEID,ROOM_ID,UNIQUE_NUMBER,SEMESTER_CODE,SECTION_DAY,SECTION_HOUR,LENGTH_MINUTES,SECTION_MODE,SEAT_LIMIT,STATUS) values (1017,38,'FAHRENBACA',12,12720,'FA22','TTH',1230,90,'F',45,'C');
Insert into SECTION (SECTION_ID,COURSE_ID,INSTRUCTOR_UTEID,ROOM_ID,UNIQUE_NUMBER,SEMESTER_CODE,SECTION_DAY,SECTION_HOUR,LENGTH_MINUTES,SECTION_MODE,SEAT_LIMIT,STATUS) values (1018,38,'HDU349',20,12725,'FA22','TTH',1100,90,'H',45,'W');
Insert into SECTION (SECTION_ID,COURSE_ID,INSTRUCTOR_UTEID,ROOM_ID,UNIQUE_NUMBER,SEMESTER_CODE,SECTION_DAY,SECTION_HOUR,LENGTH_MINUTES,SECTION_MODE,SEAT_LIMIT,STATUS) values (1019,39,'MCARTED',13,12730,'FA22','TTH',800,90,'O',35,'O');
Insert into SECTION (SECTION_ID,COURSE_ID,INSTRUCTOR_UTEID,ROOM_ID,UNIQUE_NUMBER,SEMESTER_CODE,SECTION_DAY,SECTION_HOUR,LENGTH_MINUTES,SECTION_MODE,SEAT_LIMIT,STATUS) values (1020,39,'JNI590',14,12735,'FA22','TTH',1000,90,'H',35,'C');
Insert into SECTION (SECTION_ID,COURSE_ID,INSTRUCTOR_UTEID,ROOM_ID,UNIQUE_NUMBER,SEMESTER_CODE,SECTION_DAY,SECTION_HOUR,LENGTH_MINUTES,SECTION_MODE,SEAT_LIMIT,STATUS) values (1021,39,'HOLLINGDAS',13,12740,'FA22','TTH',1100,90,'F',35,'O');
Insert into SECTION (SECTION_ID,COURSE_ID,INSTRUCTOR_UTEID,ROOM_ID,UNIQUE_NUMBER,SEMESTER_CODE,SECTION_DAY,SECTION_HOUR,LENGTH_MINUTES,SECTION_MODE,SEAT_LIMIT,STATUS) values (1022,39,'WRI307',14,12745,'FA22','TTH',1230,90,'F',35,'C');
Insert into SECTION (SECTION_ID,COURSE_ID,INSTRUCTOR_UTEID,ROOM_ID,UNIQUE_NUMBER,SEMESTER_CODE,SECTION_DAY,SECTION_HOUR,LENGTH_MINUTES,SECTION_MODE,SEAT_LIMIT,STATUS) values (1023,40,'MCARTED',12,12750,'FA22','MW',1400,90,'F',40,'W');
Insert into SECTION (SECTION_ID,COURSE_ID,INSTRUCTOR_UTEID,ROOM_ID,UNIQUE_NUMBER,SEMESTER_CODE,SECTION_DAY,SECTION_HOUR,LENGTH_MINUTES,SECTION_MODE,SEAT_LIMIT,STATUS) values (1024,40,'MCARTED',12,12755,'FA22','MW',1530,90,'F',40,'W');
Insert into SECTION (SECTION_ID,COURSE_ID,INSTRUCTOR_UTEID,ROOM_ID,UNIQUE_NUMBER,SEMESTER_CODE,SECTION_DAY,SECTION_HOUR,LENGTH_MINUTES,SECTION_MODE,SEAT_LIMIT,STATUS) values (1025,40,'HOLLINGDAS',15,12760,'FA22','TTH',1530,90,'F',40,'W');
Insert into SECTION (SECTION_ID,COURSE_ID,INSTRUCTOR_UTEID,ROOM_ID,UNIQUE_NUMBER,SEMESTER_CODE,SECTION_DAY,SECTION_HOUR,LENGTH_MINUTES,SECTION_MODE,SEAT_LIMIT,STATUS) values (1026,41,'JNI590',16,12765,'FA22','TTH',1230,90,'H',30,'O');
Insert into SECTION (SECTION_ID,COURSE_ID,INSTRUCTOR_UTEID,ROOM_ID,UNIQUE_NUMBER,SEMESTER_CODE,SECTION_DAY,SECTION_HOUR,LENGTH_MINUTES,SECTION_MODE,SEAT_LIMIT,STATUS) values (1027,41,'JNI590',16,12770,'FA22','TTH',1400,90,'H',30,'O');
Insert into SECTION (SECTION_ID,COURSE_ID,INSTRUCTOR_UTEID,ROOM_ID,UNIQUE_NUMBER,SEMESTER_CODE,SECTION_DAY,SECTION_HOUR,LENGTH_MINUTES,SECTION_MODE,SEAT_LIMIT,STATUS) values (1028,42,'WRI307',17,12775,'FA22','TTH',1530,90,'F',30,'W');
Insert into SECTION (SECTION_ID,COURSE_ID,INSTRUCTOR_UTEID,ROOM_ID,UNIQUE_NUMBER,SEMESTER_CODE,SECTION_DAY,SECTION_HOUR,LENGTH_MINUTES,SECTION_MODE,SEAT_LIMIT,STATUS) values (1029,42,'DREESG',17,12780,'FA22','TTH',1700,90,'F',30,'C');
Insert into SECTION (SECTION_ID,COURSE_ID,INSTRUCTOR_UTEID,ROOM_ID,UNIQUE_NUMBER,SEMESTER_CODE,SECTION_DAY,SECTION_HOUR,LENGTH_MINUTES,SECTION_MODE,SEAT_LIMIT,STATUS) values (1030,17,'MSO181',10,12785,'FA22','M',1700,120,'H',30,'O');
Insert into SECTION (SECTION_ID,COURSE_ID,INSTRUCTOR_UTEID,ROOM_ID,UNIQUE_NUMBER,SEMESTER_CODE,SECTION_DAY,SECTION_HOUR,LENGTH_MINUTES,SECTION_MODE,SEAT_LIMIT,STATUS) values (1031,43,'MSO181',19,12790,'FA22','MW',800,90,'F',30,'O');
Insert into SECTION (SECTION_ID,COURSE_ID,INSTRUCTOR_UTEID,ROOM_ID,UNIQUE_NUMBER,SEMESTER_CODE,SECTION_DAY,SECTION_HOUR,LENGTH_MINUTES,SECTION_MODE,SEAT_LIMIT,STATUS) values (1032,44,'MCTRUSTRAE',20,12795,'FA22','MW',930,90,'F',30,'O');
Insert into SECTION (SECTION_ID,COURSE_ID,INSTRUCTOR_UTEID,ROOM_ID,UNIQUE_NUMBER,SEMESTER_CODE,SECTION_DAY,SECTION_HOUR,LENGTH_MINUTES,SECTION_MODE,SEAT_LIMIT,STATUS) values (1033,45,'VLI293',19,12800,'FA22','MW',1530,90,'F',30,'O');
Insert into SECTION (SECTION_ID,COURSE_ID,INSTRUCTOR_UTEID,ROOM_ID,UNIQUE_NUMBER,SEMESTER_CODE,SECTION_DAY,SECTION_HOUR,LENGTH_MINUTES,SECTION_MODE,SEAT_LIMIT,STATUS) values (1034,54,'GYSED',11,12805,'FA22','MWF',1000,60,'F',120,'O');
Insert into SECTION (SECTION_ID,COURSE_ID,INSTRUCTOR_UTEID,ROOM_ID,UNIQUE_NUMBER,SEMESTER_CODE,SECTION_DAY,SECTION_HOUR,LENGTH_MINUTES,SECTION_MODE,SEAT_LIMIT,STATUS) values (1035,54,'GYSED',11,12810,'FA22','MWF',1200,60,'F',120,'O');
Insert into SECTION (SECTION_ID,COURSE_ID,INSTRUCTOR_UTEID,ROOM_ID,UNIQUE_NUMBER,SEMESTER_CODE,SECTION_DAY,SECTION_HOUR,LENGTH_MINUTES,SECTION_MODE,SEAT_LIMIT,STATUS) values (1036,55,'BPU397',20,12815,'FA22','MWF',1100,60,'F',50,'O');
Insert into SECTION (SECTION_ID,COURSE_ID,INSTRUCTOR_UTEID,ROOM_ID,UNIQUE_NUMBER,SEMESTER_CODE,SECTION_DAY,SECTION_HOUR,LENGTH_MINUTES,SECTION_MODE,SEAT_LIMIT,STATUS) values (1037,55,'BPU397',20,12820,'FA22','MWF',1300,60,'F',50,'O');
Insert into SECTION (SECTION_ID,COURSE_ID,INSTRUCTOR_UTEID,ROOM_ID,UNIQUE_NUMBER,SEMESTER_CODE,SECTION_DAY,SECTION_HOUR,LENGTH_MINUTES,SECTION_MODE,SEAT_LIMIT,STATUS) values (1038,56,'DUMPHREYJ',22,12825,'FA22','TTH',1100,90,'F',30,'C');
Insert into SECTION (SECTION_ID,COURSE_ID,INSTRUCTOR_UTEID,ROOM_ID,UNIQUE_NUMBER,SEMESTER_CODE,SECTION_DAY,SECTION_HOUR,LENGTH_MINUTES,SECTION_MODE,SEAT_LIMIT,STATUS) values (1039,57,'NES407',21,12830,'FA22','MWF',1500,60,'F',20,'O');
Insert into SECTION (SECTION_ID,COURSE_ID,INSTRUCTOR_UTEID,ROOM_ID,UNIQUE_NUMBER,SEMESTER_CODE,SECTION_DAY,SECTION_HOUR,LENGTH_MINUTES,SECTION_MODE,SEAT_LIMIT,STATUS) values (1040,58,'DOUBLEO',22,12835,'FA22','TTH',1400,90,'F',20,'C');
Insert into SECTION (SECTION_ID,COURSE_ID,INSTRUCTOR_UTEID,ROOM_ID,UNIQUE_NUMBER,SEMESTER_CODE,SECTION_DAY,SECTION_HOUR,LENGTH_MINUTES,SECTION_MODE,SEAT_LIMIT,STATUS) values (1041,59,'HGU549',30,12840,'FA22','MWF',1500,60,'F',70,'O');
Insert into SECTION (SECTION_ID,COURSE_ID,INSTRUCTOR_UTEID,ROOM_ID,UNIQUE_NUMBER,SEMESTER_CODE,SECTION_DAY,SECTION_HOUR,LENGTH_MINUTES,SECTION_MODE,SEAT_LIMIT,STATUS) values (1042,59,'BROCKLEHUW',30,12845,'FA22','MWF',1600,60,'F',70,'O');
Insert into SECTION (SECTION_ID,COURSE_ID,INSTRUCTOR_UTEID,ROOM_ID,UNIQUE_NUMBER,SEMESTER_CODE,SECTION_DAY,SECTION_HOUR,LENGTH_MINUTES,SECTION_MODE,SEAT_LIMIT,STATUS) values (1043,59,'KSH842',30,12850,'FA22','MWF',1300,60,'F',70,'C');
Insert into SECTION (SECTION_ID,COURSE_ID,INSTRUCTOR_UTEID,ROOM_ID,UNIQUE_NUMBER,SEMESTER_CODE,SECTION_DAY,SECTION_HOUR,LENGTH_MINUTES,SECTION_MODE,SEAT_LIMIT,STATUS) values (1044,60,'GATCHELA',30,12855,'FA22','TTH',930,90,'F',10,'C');
Insert into SECTION (SECTION_ID,COURSE_ID,INSTRUCTOR_UTEID,ROOM_ID,UNIQUE_NUMBER,SEMESTER_CODE,SECTION_DAY,SECTION_HOUR,LENGTH_MINUTES,SECTION_MODE,SEAT_LIMIT,STATUS) values (1045,18,'HGU549',31,12860,'FA22','MWF',1400,60,'F',40,'O');
Insert into SECTION (SECTION_ID,COURSE_ID,INSTRUCTOR_UTEID,ROOM_ID,UNIQUE_NUMBER,SEMESTER_CODE,SECTION_DAY,SECTION_HOUR,LENGTH_MINUTES,SECTION_MODE,SEAT_LIMIT,STATUS) values (1046,18,'SBE695',31,12865,'FA22','MWF',1500,60,'F',40,'C');
Insert into SECTION (SECTION_ID,COURSE_ID,INSTRUCTOR_UTEID,ROOM_ID,UNIQUE_NUMBER,SEMESTER_CODE,SECTION_DAY,SECTION_HOUR,LENGTH_MINUTES,SECTION_MODE,SEAT_LIMIT,STATUS) values (1047,19,'BENMOREA',30,12870,'FA22','TTH',1100,90,'F',20,'O');
Insert into SECTION (SECTION_ID,COURSE_ID,INSTRUCTOR_UTEID,ROOM_ID,UNIQUE_NUMBER,SEMESTER_CODE,SECTION_DAY,SECTION_HOUR,LENGTH_MINUTES,SECTION_MODE,SEAT_LIMIT,STATUS) values (1048,20,'PHU354',32,12875,'FA22','MWF',1500,60,'F',20,'O');
Insert into SECTION (SECTION_ID,COURSE_ID,INSTRUCTOR_UTEID,ROOM_ID,UNIQUE_NUMBER,SEMESTER_CODE,SECTION_DAY,SECTION_HOUR,LENGTH_MINUTES,SECTION_MODE,SEAT_LIMIT,STATUS) values (1049,21,'KIEBESR',30,12880,'FA22','TTH',1230,90,'F',20,'C');
Insert into SECTION (SECTION_ID,COURSE_ID,INSTRUCTOR_UTEID,ROOM_ID,UNIQUE_NUMBER,SEMESTER_CODE,SECTION_DAY,SECTION_HOUR,LENGTH_MINUTES,SECTION_MODE,SEAT_LIMIT,STATUS) values (1050,22,'GARIOCHH',32,12885,'FA22','MWF',1600,60,'F',20,'O');
Insert into SECTION (SECTION_ID,COURSE_ID,INSTRUCTOR_UTEID,ROOM_ID,UNIQUE_NUMBER,SEMESTER_CODE,SECTION_DAY,SECTION_HOUR,LENGTH_MINUTES,SECTION_MODE,SEAT_LIMIT,STATUS) values (1051,23,'HADLINGTOE',34,12890,'FA22','TTH',930,90,'H',10,'O');
Insert into SECTION (SECTION_ID,COURSE_ID,INSTRUCTOR_UTEID,ROOM_ID,UNIQUE_NUMBER,SEMESTER_CODE,SECTION_DAY,SECTION_HOUR,LENGTH_MINUTES,SECTION_MODE,SEAT_LIMIT,STATUS) values (1052,24,'PFI873',35,12895,'FA22','TTH',1100,90,'H',10,'O');
Insert into SECTION (SECTION_ID,COURSE_ID,INSTRUCTOR_UTEID,ROOM_ID,UNIQUE_NUMBER,SEMESTER_CODE,SECTION_DAY,SECTION_HOUR,LENGTH_MINUTES,SECTION_MODE,SEAT_LIMIT,STATUS) values (1053,25,'RRA873',36,12900,'FA22','TTH',1230,90,'H',10,'O');
Insert into SECTION (SECTION_ID,COURSE_ID,INSTRUCTOR_UTEID,ROOM_ID,UNIQUE_NUMBER,SEMESTER_CODE,SECTION_DAY,SECTION_HOUR,LENGTH_MINUTES,SECTION_MODE,SEAT_LIMIT,STATUS) values (1054,26,'SLYW',37,12905,'FA22','TTH',1400,90,'H',10,'O');
commit;


--insert to Enrollment Table
Insert into ENROLLMENT (UTEID,SECTION_ID,GRADE_CODE) values ('CLG3296',1015,null);
Insert into ENROLLMENT (UTEID,SECTION_ID,GRADE_CODE) values ('LKH3280',1016,null);
Insert into ENROLLMENT (UTEID,SECTION_ID,GRADE_CODE) values ('FIH8064',1017,null);
Insert into ENROLLMENT (UTEID,SECTION_ID,GRADE_CODE) values ('CWM5042',1018,null);
Insert into ENROLLMENT (UTEID,SECTION_ID,GRADE_CODE) values ('MLK6741',1015,null);
Insert into ENROLLMENT (UTEID,SECTION_ID,GRADE_CODE) values ('SJF8986',1016,null);
Insert into ENROLLMENT (UTEID,SECTION_ID,GRADE_CODE) values ('FW6369',1017,null);
Insert into ENROLLMENT (UTEID,SECTION_ID,GRADE_CODE) values ('SRD8635',1018,null);
Insert into ENROLLMENT (UTEID,SECTION_ID,GRADE_CODE) values ('EP1580',1011,null);
Insert into ENROLLMENT (UTEID,SECTION_ID,GRADE_CODE) values ('MIG4064',1013,null);
Insert into ENROLLMENT (UTEID,SECTION_ID,GRADE_CODE) values ('AGB8845',1019,null);
Insert into ENROLLMENT (UTEID,SECTION_ID,GRADE_CODE) values ('SUO1824',1019,null);
Insert into ENROLLMENT (UTEID,SECTION_ID,GRADE_CODE) values ('HUL4767',1032,null);
Insert into ENROLLMENT (UTEID,SECTION_ID,GRADE_CODE) values ('HBL1790',1007,null);
Insert into ENROLLMENT (UTEID,SECTION_ID,GRADE_CODE) values ('CWP4881',1033,null);
Insert into ENROLLMENT (UTEID,SECTION_ID,GRADE_CODE) values ('PPT8644',1006,null);
Insert into ENROLLMENT (UTEID,SECTION_ID,GRADE_CODE) values ('HRB3071',1008,null);
Insert into ENROLLMENT (UTEID,SECTION_ID,GRADE_CODE) values ('SRD8635',1005,null);
Insert into ENROLLMENT (UTEID,SECTION_ID,GRADE_CODE) values ('SJF8986',1010,null);
Insert into ENROLLMENT (UTEID,SECTION_ID,GRADE_CODE) values ('HNP7794',1008,null);
Insert into ENROLLMENT (UTEID,SECTION_ID,GRADE_CODE) values ('CWP4881',1007,null);
Insert into ENROLLMENT (UTEID,SECTION_ID,GRADE_CODE) values ('PPT8644',1001,null);
Insert into ENROLLMENT (UTEID,SECTION_ID,GRADE_CODE) values ('DPD7181',1033,null);
Insert into ENROLLMENT (UTEID,SECTION_ID,GRADE_CODE) values ('PPT8644',1002,null);
Insert into ENROLLMENT (UTEID,SECTION_ID,GRADE_CODE) values ('HNP7794',1003,null);
Insert into ENROLLMENT (UTEID,SECTION_ID,GRADE_CODE) values ('TIH4353',1027,null);
Insert into ENROLLMENT (UTEID,SECTION_ID,GRADE_CODE) values ('HBL1790',1030,null);
Insert into ENROLLMENT (UTEID,SECTION_ID,GRADE_CODE) values ('DYP7255',1011,null);
Insert into ENROLLMENT (UTEID,SECTION_ID,GRADE_CODE) values ('KNB6385',1024,null);
Insert into ENROLLMENT (UTEID,SECTION_ID,GRADE_CODE) values ('SNB5024',1007,null);
Insert into ENROLLMENT (UTEID,SECTION_ID,GRADE_CODE) values ('MLK6741',1023,null);
Insert into ENROLLMENT (UTEID,SECTION_ID,GRADE_CODE) values ('SUO1824',1001,null);
Insert into ENROLLMENT (UTEID,SECTION_ID,GRADE_CODE) values ('BWM2884',1012,null);
Insert into ENROLLMENT (UTEID,SECTION_ID,GRADE_CODE) values ('HRB3071',1027,null);
Insert into ENROLLMENT (UTEID,SECTION_ID,GRADE_CODE) values ('FIH8064',1023,null);
Insert into ENROLLMENT (UTEID,SECTION_ID,GRADE_CODE) values ('CWM5042',1024,null);
Insert into ENROLLMENT (UTEID,SECTION_ID,GRADE_CODE) values ('JZN5692',1001,null);
Insert into ENROLLMENT (UTEID,SECTION_ID,GRADE_CODE) values ('KNB6385',1013,null);
Insert into ENROLLMENT (UTEID,SECTION_ID,GRADE_CODE) values ('HBL1790',1032,null);
Insert into ENROLLMENT (UTEID,SECTION_ID,GRADE_CODE) values ('CWP4881',1024,null);
Insert into ENROLLMENT (UTEID,SECTION_ID,GRADE_CODE) values ('DYP7255',1019,null);
Insert into ENROLLMENT (UTEID,SECTION_ID,GRADE_CODE) values ('GHG3454',1014,null);
Insert into ENROLLMENT (UTEID,SECTION_ID,GRADE_CODE) values ('MLK6741',1017,null);
Insert into ENROLLMENT (UTEID,SECTION_ID,GRADE_CODE) values ('MIG4064',1018,null);
Insert into ENROLLMENT (UTEID,SECTION_ID,GRADE_CODE) values ('LKH3280',1002,null);
Insert into ENROLLMENT (UTEID,SECTION_ID,GRADE_CODE) values ('HBL1790',1005,null);
Insert into ENROLLMENT (UTEID,SECTION_ID,GRADE_CODE) values ('NHH3714',1020,null);
Insert into ENROLLMENT (UTEID,SECTION_ID,GRADE_CODE) values ('SKT372',1005,null);
Insert into ENROLLMENT (UTEID,SECTION_ID,GRADE_CODE) values ('FW6369',1029,null);
Insert into ENROLLMENT (UTEID,SECTION_ID,GRADE_CODE) values ('LKH3280',1033,null);
Insert into ENROLLMENT (UTEID,SECTION_ID,GRADE_CODE) values ('MD475',1017,null);
Insert into ENROLLMENT (UTEID,SECTION_ID,GRADE_CODE) values ('DYP7255',1028,null);
Insert into ENROLLMENT (UTEID,SECTION_ID,GRADE_CODE) values ('LKH3280',1007,null);
Insert into ENROLLMENT (UTEID,SECTION_ID,GRADE_CODE) values ('CJO7133',1007,null);
Insert into ENROLLMENT (UTEID,SECTION_ID,GRADE_CODE) values ('EP1580',1033,null);
Insert into ENROLLMENT (UTEID,SECTION_ID,GRADE_CODE) values ('MD475',1014,null);
Insert into ENROLLMENT (UTEID,SECTION_ID,GRADE_CODE) values ('GHG3454',1005,null);
Insert into ENROLLMENT (UTEID,SECTION_ID,GRADE_CODE) values ('PIS7306',1039,null);
Insert into ENROLLMENT (UTEID,SECTION_ID,GRADE_CODE) values ('DMD8519',1034,null);
Insert into ENROLLMENT (UTEID,SECTION_ID,GRADE_CODE) values ('FUA1806',1046,null);
Insert into ENROLLMENT (UTEID,SECTION_ID,GRADE_CODE) values ('EEC1049',1042,null);
Insert into ENROLLMENT (UTEID,SECTION_ID,GRADE_CODE) values ('RH6451',1046,null);
Insert into ENROLLMENT (UTEID,SECTION_ID,GRADE_CODE) values ('EEC1049',1043,null);
Insert into ENROLLMENT (UTEID,SECTION_ID,GRADE_CODE) values ('ALB739',1047,null);
Insert into ENROLLMENT (UTEID,SECTION_ID,GRADE_CODE) values ('LIE698',1037,null);
Insert into ENROLLMENT (UTEID,SECTION_ID,GRADE_CODE) values ('NPW3829',1034,null);
Insert into ENROLLMENT (UTEID,SECTION_ID,GRADE_CODE) values ('RIR4875',1035,null);
Insert into ENROLLMENT (UTEID,SECTION_ID,GRADE_CODE) values ('RV3222',1050,null);
Insert into ENROLLMENT (UTEID,SECTION_ID,GRADE_CODE) values ('CGA4872',1046,null);
Insert into ENROLLMENT (UTEID,SECTION_ID,GRADE_CODE) values ('ARS2860',1050,null);
Insert into ENROLLMENT (UTEID,SECTION_ID,GRADE_CODE) values ('RH6451',1037,null);
Insert into ENROLLMENT (UTEID,SECTION_ID,GRADE_CODE) values ('ALB739',1040,null);
Insert into ENROLLMENT (UTEID,SECTION_ID,GRADE_CODE) values ('DM7276',1045,null);
Insert into ENROLLMENT (UTEID,SECTION_ID,GRADE_CODE) values ('KHT8834',1043,null);
Insert into ENROLLMENT (UTEID,SECTION_ID,GRADE_CODE) values ('ALB739',1043,null);
Insert into ENROLLMENT (UTEID,SECTION_ID,GRADE_CODE) values ('PIS7306',1035,null);
Insert into ENROLLMENT (UTEID,SECTION_ID,GRADE_CODE) values ('EWW1557',1047,null);
Insert into ENROLLMENT (UTEID,SECTION_ID,GRADE_CODE) values ('DJD5383',1045,null);
Insert into ENROLLMENT (UTEID,SECTION_ID,GRADE_CODE) values ('ARS2860',1045,null);
Insert into ENROLLMENT (UTEID,SECTION_ID,GRADE_CODE) values ('GHA905',1040,null);
Insert into ENROLLMENT (UTEID,SECTION_ID,GRADE_CODE) values ('CS5222',1036,null);
Insert into ENROLLMENT (UTEID,SECTION_ID,GRADE_CODE) values ('BSD1974',1045,null);
Insert into ENROLLMENT (UTEID,SECTION_ID,GRADE_CODE) values ('VS5659',1053,null);
Insert into ENROLLMENT (UTEID,SECTION_ID,GRADE_CODE) values ('GIB2079',1053,null);
Insert into ENROLLMENT (UTEID,SECTION_ID,GRADE_CODE) values ('BM7466',1051,null);
Insert into ENROLLMENT (UTEID,SECTION_ID,GRADE_CODE) values ('WGB5563',1054,null);
Insert into ENROLLMENT (UTEID,SECTION_ID,GRADE_CODE) values ('CUT1308',1054,null);
Insert into ENROLLMENT (UTEID,SECTION_ID,GRADE_CODE) values ('SXH6677',1051,null);
Insert into ENROLLMENT (UTEID,SECTION_ID,GRADE_CODE) values ('KB4424',1053,null);
Insert into ENROLLMENT (UTEID,SECTION_ID,GRADE_CODE) values ('FS4362',1052,null);
Insert into ENROLLMENT (UTEID,SECTION_ID,GRADE_CODE) values ('VPS2528',1022,null);
Insert into ENROLLMENT (UTEID,SECTION_ID,GRADE_CODE) values ('ZBM3504',1022,null);
Insert into ENROLLMENT (UTEID,SECTION_ID,GRADE_CODE) values ('VPS2528',1023,null);


commit;
 